id,name,firstname,lastname,age,email,address,city,state,zip,phone_number
50a2d1c4-d788-4498-a6f7-dd75d4db588f,Stephanie Love,Stephanie,Love,58,stephanie.love@sample.org,8907 Maple Ave,Chicago,IL,34059,(799) 415-2382
438005c2-dd1d-48aa-8bfd-7fb06851b5f8,Kristi Keller,Kristi,Keller,62,kristi.keller@sample.org,4715 Main St,Philadelphia,PA,25009,(905) 719-5677
5261268c-aa94-438a-921a-05efc0d414ac,Allison Oliver,Allison,Oliver,62,allison.oliver@mail.com,6265 Pine Rd,Los Angeles,CA,90602,(568) 526-2657
f8486fce-bc07-4a4f-a6e9-ed6a06ba996c,Nancy Austin,Nancy,Austin,39,nancy.austin@example.com,4726 Main St,Dallas,TX,23866,(769) 548-1634
341ed9b2-1760-4720-a1b1-42681d273c63,Christy Rios,Christy,Rios,18,christy.rios@example.com,9497 Maple Ave,Los Angeles,CA,90276,(198) 311-7255
2660b7ac-6c46-4392-8ddc-26194c532341,Michael Mendoza,Michael,Mendoza,32,michael.mendoza@mail.com,7296 Maple Ave,San Diego,CA,84310,(687) 459-1917
7e52ce3f-191d-4d27-a0a8-76706fd6173c,Beverly Peters,Beverly,Peters,27,beverly.peters@mail.com,2268 Oak Dr,San Diego,CA,26674,(759) 380-1246
0000bd8e-496c-42aa-9430-fea7f9bd6a96,Connie Harrison,Connie,Harrison,39,connie.harrison@example.com,5649 Maple Ave,Dallas,TX,44957,(449) 905-1849
3b47f466-5256-41a1-951c-efee13597676,Carly Harris,Carly,Harris,34,carly.harris@mail.com,764 Main St,Houston,TX,52221,(700) 483-3383
2480125c-2d37-405c-96b9-ca32b2c75b33,Russell Mitchell,Russell,Mitchell,66,russell.mitchell@sample.org,7522 Oak Dr,Philadelphia,PA,56433,(716) 731-5219
69731d27-9caa-46cf-8933-d01e29b20043,Jacqueline Pineda,Jacqueline,Pineda,31,jacqueline.pineda@sample.org,5845 Maple Ave,San Antonio,TX,83163,(562) 827-1484
7d0a9ece-1d73-43ea-98e7-8bbe21e890ec,Anthony Murillo,Anthony,Murillo,19,anthony.murillo@sample.org,5367 Maple Ave,New York,NY,75028,(509) 852-9974
861181e6-5d97-48a8-bbe4-226caa976140,Aaron Williams,Aaron,Williams,32,aaron.williams@example.com,9532 Oak Dr,San Diego,CA,55762,(284) 855-3399
cc1816db-c3dd-4c16-8ea7-18fe313472b9,Brittany Johnson,Brittany,Johnson,40,brittany.johnson@sample.org,137 Pine Rd,New York,NY,36751,(323) 167-1428
1bf35f99-4627-4c80-a5f8-0797538eaf54,Ashley Santiago,Ashley,Santiago,68,ashley.santiago@sample.org,155 Pine Rd,Chicago,IL,59671,(209) 767-2854
96f4e93c-c759-4fc7-b4a3-c8a153858bea,Lori Butler,Lori,Butler,57,lori.butler@mail.com,3186 Maple Ave,Phoenix,AZ,76055,(640) 610-1635
6faa20a4-1e8f-43a8-9a45-33ae5f675190,Tyrone Ryan,Tyrone,Ryan,29,tyrone.ryan@mail.com,7625 Pine Rd,Phoenix,AZ,81885,(545) 810-6114
5bbca380-854e-47a4-ae5c-fd631650a115,Joseph Mcintyre,Joseph,Mcintyre,46,joseph.mcintyre@example.com,7075 Main St,Phoenix,AZ,25137,(989) 559-1480
84ee8f13-e5a2-4988-8f65-daa65801c5d1,Dylan Lopez,Dylan,Lopez,49,dylan.lopez@sample.org,4522 Pine Rd,Dallas,TX,51823,(502) 414-5261
e4bced79-6e2c-4b22-a6d5-199ed87ca7ee,Michael Carter,Michael,Carter,35,michael.carter@mail.com,1410 Oak Dr,New York,NY,39434,(813) 201-1370
3f1fc492-e8ed-4840-97a0-a56592fdc1d9,Yvonne Watson,Yvonne,Watson,36,yvonne.watson@example.com,6836 Main St,San Antonio,TX,22699,(468) 567-4832
3483e39a-260f-4974-9366-50c2d833307f,Melissa Lopez,Melissa,Lopez,39,melissa.lopez@sample.org,4896 Oak Dr,Philadelphia,PA,99867,(142) 417-4130
0b4a904c-b6d7-4355-b1ff-3744b3831112,Nancy Hernandez MD,Nancy,Hernandez MD,18,nancy.hernandez md@mail.com,5001 Main St,Los Angeles,CA,77750,(872) 608-8093
3c7a4cde-d92b-4d90-a731-9c0461ae8c90,Nicole Jackson,Nicole,Jackson,65,nicole.jackson@mail.com,4032 Main St,Phoenix,AZ,87889,(625) 263-1102
9ff834d1-4ca0-4dd5-bb53-ea96ad8611bb,Michael Williams,Michael,Williams,38,michael.williams@example.com,2100 Main St,Dallas,TX,68600,(381) 803-6937
bbe9e834-7071-42d6-8970-aa7301b72ec2,Michael Cobb,Michael,Cobb,65,michael.cobb@sample.org,6499 Oak Dr,Los Angeles,CA,74519,(999) 272-1496
a311b0c8-1b63-4405-8097-09a984512389,Ray Mitchell,Ray,Mitchell,57,ray.mitchell@example.com,8603 Maple Ave,Chicago,IL,39383,(165) 278-2717
24ea0325-a7d6-4388-b86c-7b51e5805b26,Timothy Waller,Timothy,Waller,50,timothy.waller@mail.com,4011 Main St,Phoenix,AZ,66104,(717) 321-3571
d6de888a-0aee-4f77-a7d4-daba8f0da415,Christopher Kim,Christopher,Kim,35,christopher.kim@sample.org,6045 Pine Rd,San Diego,CA,69505,(340) 648-8890
3f3af4f6-a87b-4f03-8669-2e1a8e3c6d8b,Carlos Leon,Carlos,Leon,58,carlos.leon@sample.org,7458 Oak Dr,Philadelphia,PA,74496,(297) 150-7404
5ed25035-4723-4154-823d-a8c8b4c02e51,Jacob Reeves,Jacob,Reeves,52,jacob.reeves@sample.org,7816 Maple Ave,New York,NY,82119,(243) 989-6201
531465bc-638f-4adb-9b47-cf0c1dc55550,Daniel Small,Daniel,Small,36,daniel.small@example.com,2528 Maple Ave,Los Angeles,CA,64773,(275) 781-1573
d47a83f3-a765-4a20-b40c-e0993cf00e4f,Jasmine Murray,Jasmine,Murray,70,jasmine.murray@example.com,7723 Main St,Los Angeles,CA,70673,(247) 900-8032
4b8b181e-668e-45d4-a8e3-7180a41cf064,Martin Barnes,Martin,Barnes,27,martin.barnes@mail.com,8351 Pine Rd,San Antonio,TX,39380,(617) 983-7545
6d91807a-84e4-47c1-8e47-925d52e0dd48,Mark Barnett,Mark,Barnett,26,mark.barnett@mail.com,5002 Oak Dr,Los Angeles,CA,50600,(109) 517-8348
848485f0-198f-4efa-8335-707db71a7434,Kristin Mcintyre,Kristin,Mcintyre,40,kristin.mcintyre@sample.org,355 Maple Ave,San Diego,CA,48815,(262) 449-6392
90b6264d-1278-47c8-a418-6498aac365ba,Nichole Brown,Nichole,Brown,60,nichole.brown@example.com,7764 Pine Rd,San Diego,CA,47506,(584) 342-1423
18b69140-479d-44b6-8369-04a49414f975,Pamela Lane,Pamela,Lane,38,pamela.lane@sample.org,812 Main St,Dallas,TX,44699,(340) 844-5846
4dc2aa9c-8633-4861-b795-5b285cf76a1f,Susan Castillo,Susan,Castillo,18,susan.castillo@example.com,7206 Maple Ave,New York,NY,77891,(398) 368-8230
1076f00e-5dd1-41d1-b2a5-0c59e18a5310,Shelly Benitez,Shelly,Benitez,65,shelly.benitez@sample.org,3503 Maple Ave,San Antonio,TX,33627,(594) 303-8965
9bac4be0-d703-4f1d-a088-1bdb362d3246,Scott Thompson,Scott,Thompson,57,scott.thompson@mail.com,2019 Oak Dr,San Antonio,TX,60105,(801) 449-6857
0872893c-bf01-4853-b91f-a1cc0263fedf,Stephanie Quinn,Stephanie,Quinn,46,stephanie.quinn@sample.org,8760 Pine Rd,Philadelphia,PA,82223,(864) 898-8737
f5e8b3ff-659d-4bc9-bdc6-6b7fe343bcab,Amanda Johnson,Amanda,Johnson,39,amanda.johnson@mail.com,2864 Main St,Chicago,IL,84520,(149) 490-5861
1435b563-f156-4cd8-9f3d-6224260e26a4,Melissa Davis,Melissa,Davis,37,melissa.davis@example.com,1771 Oak Dr,San Diego,CA,68654,(770) 756-1579
fdd86eaf-7a5b-4598-9a08-6f4f207743bb,Dana Smith,Dana,Smith,56,dana.smith@sample.org,1915 Maple Ave,Houston,TX,45156,(265) 166-2884
b4413ac0-2fc9-4c91-b188-71c109d9be8f,Amy Wolf,Amy,Wolf,48,amy.wolf@mail.com,4900 Pine Rd,Los Angeles,CA,59460,(511) 899-5109
2dbed2c3-1c68-4b90-a343-39b51de57b45,Rachel Watson,Rachel,Watson,69,rachel.watson@example.com,6116 Maple Ave,Los Angeles,CA,55980,(829) 582-3364
b0da7a9b-77d7-407d-8506-51705503fa05,Sean Koch,Sean,Koch,28,sean.koch@mail.com,8284 Oak Dr,San Diego,CA,25804,(427) 447-3627
c5dde410-2c70-486e-bb0d-974b2798825b,Jessica Valdez,Jessica,Valdez,19,jessica.valdez@sample.org,7709 Pine Rd,Chicago,IL,19524,(346) 689-6162
5d59a09d-7696-4e1b-a171-abe3b79fff2d,Tracy Gibbs,Tracy,Gibbs,42,tracy.gibbs@mail.com,3600 Oak Dr,Los Angeles,CA,91004,(377) 180-7492
ddd9ed38-6351-4568-b08c-8f6c92cb84a8,Misty Lee,Misty,Lee,68,misty.lee@sample.org,774 Pine Rd,San Diego,CA,45479,(471) 947-6073
9368e74c-0581-4d77-9358-94e415a80423,Martha Pineda DDS,Martha,Pineda DDS,68,martha.pineda dds@mail.com,3143 Pine Rd,Philadelphia,PA,46050,(972) 612-9225
2609004e-90a8-450e-98f3-5ebc16841cd5,Joy Lam,Joy,Lam,55,joy.lam@example.com,8063 Pine Rd,Philadelphia,PA,22051,(715) 269-2712
3870073a-f764-4a2b-bc64-18e4569bf784,Elizabeth Shea,Elizabeth,Shea,32,elizabeth.shea@example.com,2140 Oak Dr,Chicago,IL,72592,(132) 708-7507
710200a9-2c6c-4f21-b3f1-3ed6aa684fa2,Janet Robles,Janet,Robles,62,janet.robles@mail.com,6754 Pine Rd,San Antonio,TX,64294,(309) 645-4036
43217606-3354-4bb8-b967-c358331d8375,Douglas Hill,Douglas,Hill,38,douglas.hill@sample.org,5183 Oak Dr,San Diego,CA,64135,(710) 477-7727
a7cebb21-0f26-4834-8a09-e3269b21a77b,Emma Mitchell,Emma,Mitchell,61,emma.mitchell@sample.org,7008 Oak Dr,Dallas,TX,72018,(813) 273-3333
05fae288-07c2-4e99-a945-fa3fbfa123ed,Rodney Berry,Rodney,Berry,55,rodney.berry@mail.com,828 Maple Ave,New York,NY,23081,(212) 548-9156
d9464bcd-0a19-4058-8fc1-bea843e6c339,Brittany Brown,Brittany,Brown,37,brittany.brown@example.com,4656 Pine Rd,Houston,TX,43138,(107) 185-1001
847d46dd-9721-4351-8bef-5c2292b57d6f,Kelly Singh,Kelly,Singh,54,kelly.singh@example.com,5208 Main St,Houston,TX,51137,(426) 233-5688
1c4a9464-3e0e-45d2-9ca2-87c36b03f80b,Benjamin Bell,Benjamin,Bell,49,benjamin.bell@sample.org,3236 Pine Rd,San Antonio,TX,10837,(314) 284-4049
5a589b0f-69ac-4256-aea8-df379845f417,Johnny Ryan,Johnny,Ryan,43,johnny.ryan@example.com,1583 Oak Dr,Dallas,TX,84347,(665) 293-3182
47e4f30d-f965-45df-8474-93d5aeaf7cb2,Christian Fernandez,Christian,Fernandez,41,christian.fernandez@example.com,739 Main St,San Diego,CA,36241,(113) 118-1033
0688ed48-bbd7-41d6-b5ef-c2cd771f72c2,Todd Burton,Todd,Burton,69,todd.burton@sample.org,5205 Maple Ave,Phoenix,AZ,50357,(680) 819-7625
28447ab4-5e16-465e-acd1-7fcacd2d97e2,Andrew Perez,Andrew,Perez,29,andrew.perez@sample.org,9391 Main St,Philadelphia,PA,99561,(817) 336-6529
d82c6a2f-7e02-40de-81c3-c42ef14d8460,Jerry Thompson II,Jerry,Thompson II,55,jerry.thompson ii@mail.com,5556 Oak Dr,San Diego,CA,98896,(888) 891-9132
013b644d-5645-44bd-8ca3-d7d254b2ba18,Keith Cook,Keith,Cook,40,keith.cook@sample.org,3847 Pine Rd,Chicago,IL,50761,(621) 833-8898
66983396-cb40-4613-8d6d-306b8f9ca5c4,Alexander Burke,Alexander,Burke,23,alexander.burke@example.com,5057 Main St,San Diego,CA,65326,(707) 415-4004
23c5eb35-05e9-4347-8854-ee86ec27393e,Nicholas Benson,Nicholas,Benson,48,nicholas.benson@example.com,2379 Main St,Phoenix,AZ,15371,(215) 933-3520
a57c96be-0b7a-41c6-bd9a-9330e20c497a,Jessica Richard,Jessica,Richard,24,jessica.richard@sample.org,5899 Oak Dr,Los Angeles,CA,81235,(411) 832-6997
f3feb7f9-9069-4fd7-be91-3800d1307935,Brittany Barrera,Brittany,Barrera,70,brittany.barrera@example.com,4725 Pine Rd,New York,NY,25829,(257) 803-4081
967d3e2d-8b15-4f43-a6b5-d1dd3934707d,Jeffrey Bailey,Jeffrey,Bailey,22,jeffrey.bailey@example.com,8281 Maple Ave,San Diego,CA,22015,(957) 993-2221
0d2974c5-d4de-4163-bf27-73d86a77b048,Jessica Lewis,Jessica,Lewis,41,jessica.lewis@mail.com,4778 Maple Ave,Philadelphia,PA,89089,(942) 290-3256
dc634429-12c2-417d-b460-f3ed4903d539,John Lowe,John,Lowe,60,john.lowe@example.com,2310 Maple Ave,San Antonio,TX,17363,(980) 563-8188
2bdeb3b7-a894-4fcf-8218-e41167bc557e,Brian Johnson,Brian,Johnson,25,brian.johnson@example.com,6575 Pine Rd,Philadelphia,PA,98786,(301) 876-7988
84f816bd-12e2-4633-a419-fc80705977e6,Alicia Huerta,Alicia,Huerta,34,alicia.huerta@sample.org,8709 Maple Ave,New York,NY,60580,(867) 777-2342
0bb6fcf3-0741-4179-af46-d26c45b77171,Angela Hebert,Angela,Hebert,63,angela.hebert@sample.org,143 Maple Ave,Philadelphia,PA,64692,(845) 297-3512
827eed18-8ab1-4e5d-ab00-5d8ac9bb168b,Larry Ward,Larry,Ward,28,larry.ward@example.com,5559 Pine Rd,Philadelphia,PA,95753,(506) 950-1267
9db0e79f-fdea-4290-ba7b-114141f33d1f,Katherine Odom,Katherine,Odom,21,katherine.odom@example.com,8284 Oak Dr,Philadelphia,PA,59986,(685) 695-3902
2a2c365a-ac9d-4106-a494-678e09ae412c,Tyler Henderson,Tyler,Henderson,65,tyler.henderson@example.com,5756 Oak Dr,San Antonio,TX,30672,(270) 820-9831
a970776b-59ce-47ec-9e77-946229a8be45,Cheryl Campos,Cheryl,Campos,31,cheryl.campos@example.com,1201 Oak Dr,New York,NY,82546,(233) 463-3808
fd788ea1-7f9f-477b-b5fa-9a64962eb7f0,Brad Williamson,Brad,Williamson,63,brad.williamson@sample.org,6742 Main St,New York,NY,95245,(976) 893-7145
132425e2-d22d-43aa-a372-e3d9bfd77f8c,John Marshall,John,Marshall,59,john.marshall@sample.org,203 Maple Ave,Dallas,TX,76054,(806) 630-1460
cee4269a-3771-43d9-adc4-762ba3bc1782,Alicia Clark,Alicia,Clark,32,alicia.clark@example.com,9221 Pine Rd,Houston,TX,76070,(624) 931-7952
58491188-36e5-4fb3-ab3b-514e78a270a6,Brenda Miller,Brenda,Miller,49,brenda.miller@mail.com,9052 Maple Ave,San Antonio,TX,90418,(189) 677-3838
5fccc95a-c30f-4525-a4a6-43861baae99a,Karina Thompson,Karina,Thompson,33,karina.thompson@example.com,4502 Oak Dr,Phoenix,AZ,22091,(194) 677-5275
b27a07f1-ddf4-4134-9f7d-1b1ac869b110,Patrick Knight,Patrick,Knight,64,patrick.knight@example.com,1128 Maple Ave,Philadelphia,PA,56397,(645) 135-8933
16e8d4f8-2451-446f-a254-3bc68e40621b,Stacey Miller,Stacey,Miller,33,stacey.miller@sample.org,2048 Maple Ave,Dallas,TX,77324,(894) 312-9176
2a0095cd-099e-45f3-a8ed-241dbe5cde18,William James,William,James,22,william.james@sample.org,3528 Maple Ave,Houston,TX,54663,(513) 456-4343
bbfdba43-2871-4e95-84d9-e2ff45960e7d,Christina Rollins,Christina,Rollins,42,christina.rollins@example.com,3932 Maple Ave,Phoenix,AZ,43108,(981) 651-1265
2030e11b-f809-402e-8a1e-00aa3cb751da,Aaron Wilson,Aaron,Wilson,30,aaron.wilson@mail.com,2243 Main St,Houston,TX,47018,(615) 633-9626
c90ea8ef-05ef-4528-bb65-06a8180093d8,James Stuart,James,Stuart,58,james.stuart@sample.org,2260 Maple Ave,Chicago,IL,48240,(613) 495-4279
9d37a85b-84b4-486d-b852-fd896a50fbf6,Jessica James,Jessica,James,40,jessica.james@mail.com,5107 Pine Rd,Philadelphia,PA,96765,(991) 540-3041
92bac428-565b-4fba-a911-e9f3dc3c5ad8,Rodney Gonzalez,Rodney,Gonzalez,50,rodney.gonzalez@sample.org,1637 Main St,Chicago,IL,34475,(126) 482-2361
9aaa8391-995f-4006-8413-c590098fc46a,Joshua Mann,Joshua,Mann,24,joshua.mann@sample.org,6988 Main St,Philadelphia,PA,85745,(105) 110-6284
bacd6bed-844e-4650-8181-7f73dd1352e2,Kristin Frank,Kristin,Frank,23,kristin.frank@example.com,9632 Pine Rd,Houston,TX,94508,(787) 644-8174
9eac28b8-2264-4e48-9c2c-b3f7384bc20a,Karen Sanchez,Karen,Sanchez,26,karen.sanchez@example.com,3165 Oak Dr,Los Angeles,CA,64605,(543) 770-5809
83967256-31c2-4fcb-a61d-2378ac6f1ad6,Jeffrey Love,Jeffrey,Love,37,jeffrey.love@mail.com,8812 Pine Rd,Dallas,TX,49662,(282) 846-6029
3d2423f0-cecf-4060-b105-96b04f2ea442,Henry Zamora,Henry,Zamora,56,henry.zamora@sample.org,7109 Maple Ave,Chicago,IL,23255,(620) 368-1281
ce73a9b8-27f8-4c9f-941c-4b99a646fb32,Kenneth Hudson DDS,Kenneth,Hudson DDS,62,kenneth.hudson dds@example.com,8624 Maple Ave,Houston,TX,54032,(621) 255-4007
76acc7d2-0fca-4530-89dd-39889b4f3bb3,Bruce Cole,Bruce,Cole,53,bruce.cole@sample.org,2085 Maple Ave,Philadelphia,PA,21706,(265) 525-5168
40cff0ad-5c91-46bc-b72b-737347aafb25,Carrie Russell MD,Carrie,Russell MD,33,carrie.russell md@mail.com,2328 Pine Rd,Los Angeles,CA,18820,(477) 712-9867
4d6ee3e3-9ec6-4c2e-9552-a75af6d19f14,Aaron Gardner,Aaron,Gardner,23,aaron.gardner@sample.org,4858 Oak Dr,Phoenix,AZ,50668,(619) 911-4497
94e0e084-e14c-4061-80da-7e6030bf14d5,Ryan Austin,Ryan,Austin,58,ryan.austin@sample.org,4302 Main St,Phoenix,AZ,37522,(241) 953-4099
5d5ea9b6-fefd-4e25-850a-9c2d365e7e27,Tracy Garcia,Tracy,Garcia,51,tracy.garcia@example.com,2724 Maple Ave,Philadelphia,PA,97875,(353) 927-2232
c6fb82d9-b6e6-445a-a3d3-0158405a9d16,Angela James,Angela,James,55,angela.james@example.com,2994 Main St,San Diego,CA,78766,(408) 935-4647
e6ef189a-76de-4ef5-ace2-676d69273e22,Wesley Jenkins,Wesley,Jenkins,39,wesley.jenkins@mail.com,6531 Main St,Philadelphia,PA,33745,(552) 808-9117
352810e9-e0fe-4062-a808-83f47ad5f4d4,Dylan Anderson,Dylan,Anderson,29,dylan.anderson@mail.com,5387 Main St,Houston,TX,91312,(835) 122-8398
d31efffd-fdc4-4168-ac26-83b67a6c5c47,Derek Smith,Derek,Smith,70,derek.smith@mail.com,5311 Pine Rd,Los Angeles,CA,48937,(719) 322-2141
fe2e9f59-c77b-4756-ad2e-fe864a560344,April Curtis,April,Curtis,24,april.curtis@example.com,8217 Main St,Chicago,IL,82342,(428) 244-6295
c9276a13-5b0f-4ce9-8802-3e0ead192508,Melody Wright,Melody,Wright,23,melody.wright@mail.com,2597 Pine Rd,San Diego,CA,91157,(831) 247-8579
102e02b0-7f44-4058-881f-7896edc964b2,William Diaz,William,Diaz,58,william.diaz@mail.com,1272 Oak Dr,New York,NY,62793,(379) 291-9378
34a9dd73-95d0-45d9-a3fb-636e4e080a6c,Jonathan Anderson,Jonathan,Anderson,20,jonathan.anderson@example.com,3361 Maple Ave,San Diego,CA,66842,(458) 191-5579
cbda2de6-06db-4a9f-91af-cc36e8ba0bad,Wyatt Bates,Wyatt,Bates,32,wyatt.bates@example.com,5729 Main St,San Diego,CA,56056,(204) 269-3896
5b2179c5-dd1c-45b4-b99c-10f1c7c201f4,Garrett Black,Garrett,Black,70,garrett.black@sample.org,4424 Pine Rd,Chicago,IL,73942,(988) 192-9206
0206c59d-8464-4845-9680-9463df25efd9,Jose Fox,Jose,Fox,21,jose.fox@example.com,5793 Pine Rd,Los Angeles,CA,20250,(477) 849-7009
a792d50a-1570-450f-901a-c26bc3b4a9dd,Debra Wolf,Debra,Wolf,54,debra.wolf@sample.org,2386 Main St,San Diego,CA,60757,(676) 642-2496
117c9a65-4a4c-494f-8a54-64305d57c551,John Anthony,John,Anthony,45,john.anthony@mail.com,5965 Main St,Dallas,TX,55489,(984) 494-5605
189edb91-3f25-4f32-bfb4-64bd4052cb1c,Tina Collins,Tina,Collins,54,tina.collins@sample.org,6457 Pine Rd,New York,NY,61737,(822) 409-6722
2aee3fe5-2eb0-4391-bb79-d4d4ffdd9931,John Drake,John,Drake,53,john.drake@example.com,1734 Pine Rd,New York,NY,42405,(905) 968-8696
3d0d96e7-a6da-4e11-a509-76b813d466f5,Alexis Cervantes,Alexis,Cervantes,24,alexis.cervantes@sample.org,6666 Oak Dr,San Antonio,TX,57275,(780) 545-3310
878f6e41-bcd7-4f18-aa89-90133272eafa,Patrick Thomas,Patrick,Thomas,37,patrick.thomas@example.com,9792 Maple Ave,San Antonio,TX,85486,(729) 585-5135
f044be50-29c1-40c4-a16c-a1dd1f95d6f3,Keith Phillips,Keith,Phillips,70,keith.phillips@example.com,9413 Pine Rd,New York,NY,49573,(447) 322-4459
961b1333-d41e-443a-9880-0b1c8c59e141,Kyle Martin,Kyle,Martin,33,kyle.martin@sample.org,6464 Oak Dr,Los Angeles,CA,43407,(401) 257-1328
41db9c8c-af73-46c6-b7aa-64cee86dbe41,Brad Hogan,Brad,Hogan,69,brad.hogan@sample.org,8591 Oak Dr,Houston,TX,32635,(992) 810-9050
72874237-a564-45ff-95cf-5fb3ab18e7c8,Katie Ruiz,Katie,Ruiz,23,katie.ruiz@mail.com,6131 Pine Rd,Dallas,TX,47487,(829) 151-4177
612533b6-7eaf-45a2-b9d4-06192ce5620e,Ryan Byrd,Ryan,Byrd,46,ryan.byrd@mail.com,9184 Pine Rd,New York,NY,39069,(824) 258-1976
4b761c33-8a8a-4dbe-a0d0-fa3261b391ee,Renee Gibson,Renee,Gibson,44,renee.gibson@mail.com,7629 Maple Ave,San Diego,CA,50491,(218) 153-3975
b1554012-ee9c-477f-a055-e067482499a6,Mr. Matthew Meyer,Mr.,Matthew Meyer,27,mr..matthew meyer@mail.com,8688 Oak Dr,New York,NY,79684,(855) 156-3318
9094466a-3714-44da-802d-85c2317b80e5,Joshua Gallagher,Joshua,Gallagher,61,joshua.gallagher@sample.org,4245 Main St,San Antonio,TX,24726,(957) 187-7947
d1a4b7a2-e152-4377-ad2c-08cb61ad6688,Rachel Rodriguez,Rachel,Rodriguez,36,rachel.rodriguez@sample.org,7971 Oak Dr,New York,NY,18816,(763) 253-2379
f84190e8-5c4a-4bec-be4d-2e554dd46614,Erik Gordon,Erik,Gordon,34,erik.gordon@sample.org,2894 Main St,San Diego,CA,88868,(455) 793-7818
8e104807-9dc2-4625-a1b7-9d858ddd96de,Michael Perez,Michael,Perez,40,michael.perez@mail.com,5405 Maple Ave,New York,NY,51384,(425) 891-3152
99b2e147-d4f4-4a75-8f55-17304a277ed2,Sara Henderson,Sara,Henderson,62,sara.henderson@mail.com,9289 Main St,Phoenix,AZ,57238,(425) 551-6190
34ec60c6-4248-4ad1-8dd9-759b309578a4,Leah Estrada,Leah,Estrada,31,leah.estrada@sample.org,1158 Pine Rd,Los Angeles,CA,53804,(225) 385-5528
f6722fed-e7e1-443f-84e8-a753dc7dcd63,Cameron Martin,Cameron,Martin,33,cameron.martin@example.com,1029 Pine Rd,Chicago,IL,46346,(218) 417-5268
faae2750-9c1c-4c70-96ed-e845374e4e5e,Roy Young,Roy,Young,45,roy.young@example.com,4880 Maple Ave,Houston,TX,98573,(591) 866-3301
aece6b12-b296-4a1b-991c-ab89ac207fed,Ashley Franco,Ashley,Franco,21,ashley.franco@example.com,5253 Maple Ave,Los Angeles,CA,59542,(244) 135-1217
2ffdab76-6ec7-4dce-bd58-e9b2f6da991c,Jacqueline Morris,Jacqueline,Morris,58,jacqueline.morris@mail.com,7288 Main St,Philadelphia,PA,62131,(488) 877-9963
797a1a0b-31a6-4422-af8a-98fd4e5e1114,Justin Barrera,Justin,Barrera,30,justin.barrera@example.com,1248 Oak Dr,Dallas,TX,98712,(616) 218-3825
b2263d08-d05d-4240-a470-6fe31527b9d2,Kathleen Rice,Kathleen,Rice,21,kathleen.rice@mail.com,6371 Pine Rd,Philadelphia,PA,64105,(642) 169-5112
bbc4757e-2351-486e-9ca8-f73b9dac716f,Barbara Pearson,Barbara,Pearson,33,barbara.pearson@mail.com,3481 Oak Dr,Philadelphia,PA,22652,(699) 426-2618
07ef23e6-1d65-4721-a3ce-889f1c58f021,Wendy Bowman,Wendy,Bowman,46,wendy.bowman@mail.com,7383 Maple Ave,Philadelphia,PA,46494,(719) 724-7577
534f7dee-6c8b-474d-b7be-41fa1dbbe93a,Jon Heath,Jon,Heath,25,jon.heath@mail.com,5100 Pine Rd,Houston,TX,13038,(298) 114-7217
2ba287a4-72ee-4028-bc13-39a65e78db4d,Melvin Ingram,Melvin,Ingram,60,melvin.ingram@mail.com,1035 Oak Dr,Phoenix,AZ,53079,(622) 385-4081
49a962c3-f4f1-4c85-accc-a1e3a243a202,Larry Gilmore,Larry,Gilmore,36,larry.gilmore@mail.com,8882 Maple Ave,Los Angeles,CA,82153,(390) 448-2369
b0382b3d-f5c4-4ecd-9e82-9ec911feb36a,Ronnie Anderson,Ronnie,Anderson,66,ronnie.anderson@sample.org,5046 Oak Dr,Los Angeles,CA,45787,(329) 558-6653
7745384f-ccaa-4363-a18b-5e9ff0a824c0,Emily Barnes,Emily,Barnes,21,emily.barnes@example.com,9581 Pine Rd,Dallas,TX,80388,(565) 955-8202
4671e25f-30dd-4e69-bd9f-8b7f48135732,Matthew Chapman,Matthew,Chapman,50,matthew.chapman@mail.com,8130 Pine Rd,Chicago,IL,13257,(991) 508-9120
723f776c-3ad0-4fa2-8177-a80f2cab59d9,Darryl Green,Darryl,Green,55,darryl.green@example.com,2482 Oak Dr,San Diego,CA,65925,(213) 589-8261
3cc240f8-bb78-4677-a387-18bb7667c3ea,Arthur Evans,Arthur,Evans,50,arthur.evans@sample.org,5895 Main St,Houston,TX,89860,(565) 421-1642
7bfeca78-8e06-4644-9d0b-1470c32aa9e7,Dr. Maria Moreno MD,Dr.,Maria Moreno MD,25,dr..maria moreno md@mail.com,4950 Main St,Dallas,TX,84272,(377) 509-4072
7d624fe1-d3a6-4326-a6e6-32ebc0c46ea9,Mark Mitchell,Mark,Mitchell,61,mark.mitchell@sample.org,2079 Pine Rd,Chicago,IL,16698,(824) 606-3747
15b9a6ba-816d-4956-936f-2894eff8b72d,Casey Martinez,Casey,Martinez,37,casey.martinez@sample.org,1671 Main St,Philadelphia,PA,81230,(223) 572-8497
f285aab8-56d5-40ad-92f1-61b0a4498890,Andre Sanders,Andre,Sanders,67,andre.sanders@sample.org,2233 Maple Ave,Houston,TX,32402,(553) 536-8192
176aa5a0-a79f-4429-84fb-73d501c7e219,Charlene Robinson,Charlene,Robinson,31,charlene.robinson@sample.org,6019 Maple Ave,Dallas,TX,57393,(183) 870-9985
b2664ec9-be42-46bd-9f6d-073a50105636,Dr. Shannon Carter,Dr.,Shannon Carter,45,dr..shannon carter@sample.org,2032 Oak Dr,New York,NY,51197,(232) 726-3906
74b13d9f-159f-4adb-8b2c-a623d67b529e,Melissa Miller,Melissa,Miller,27,melissa.miller@example.com,3266 Main St,Philadelphia,PA,68277,(732) 358-3241
71c65b56-3757-459a-ac5b-b50c76fb6a5e,Tanner Mullen,Tanner,Mullen,20,tanner.mullen@sample.org,2624 Pine Rd,Chicago,IL,44779,(911) 807-2723
148d63de-77f4-461d-b3ca-5369e9a98e7b,Jennifer Garcia,Jennifer,Garcia,49,jennifer.garcia@mail.com,7447 Pine Rd,Los Angeles,CA,43365,(367) 321-6986
5f31277a-2dcf-4273-81e3-312413596a23,Scott Reyes,Scott,Reyes,67,scott.reyes@sample.org,4828 Main St,Phoenix,AZ,92723,(832) 868-8832
96f16837-3562-4765-b8dc-ddd863a970f2,Angela Moyer,Angela,Moyer,24,angela.moyer@example.com,7518 Pine Rd,Phoenix,AZ,71950,(568) 907-6233
359ce707-dfea-41f8-be3e-8689b460486f,Ronnie Knight,Ronnie,Knight,64,ronnie.knight@sample.org,6008 Pine Rd,Houston,TX,83315,(686) 703-5077
be6fcaa5-9911-4bb6-b97c-47eb53c88b32,James Gardner,James,Gardner,23,james.gardner@sample.org,9165 Oak Dr,Chicago,IL,83596,(134) 975-4010
3d097c4e-dd09-4cfa-8460-39fd4fb8a1cc,Robin Vargas,Robin,Vargas,22,robin.vargas@example.com,1542 Main St,New York,NY,37146,(817) 382-8321
1069ad16-5cc8-4f60-83a5-08e7e0beeb5c,Brendan Hawkins,Brendan,Hawkins,35,brendan.hawkins@example.com,305 Pine Rd,Chicago,IL,53974,(915) 557-7320
4acffd44-9d77-4c09-afdb-e7f93ee5518b,Jennifer Richardson,Jennifer,Richardson,70,jennifer.richardson@example.com,9752 Main St,New York,NY,14710,(334) 627-7557
e77008c8-b7e1-4bb6-93d8-8383d6385531,Michael Acosta,Michael,Acosta,66,michael.acosta@example.com,5324 Main St,Houston,TX,58970,(547) 924-1641
191feb1d-2def-4cbf-a8f8-ee3eb3856ea2,Adam Rowe,Adam,Rowe,60,adam.rowe@mail.com,6766 Pine Rd,Chicago,IL,47024,(100) 400-8561
cfefbf12-9a5a-4d61-a708-d92f785af097,Julie Taylor,Julie,Taylor,27,julie.taylor@sample.org,340 Maple Ave,New York,NY,63936,(365) 147-2927
1095b08b-dad8-473d-9ec9-bafeb20e71c9,Tamara Hinton,Tamara,Hinton,57,tamara.hinton@mail.com,8501 Main St,San Diego,CA,75846,(349) 935-3616
b0cab1cc-6689-4922-a78f-5c6e1c458cd1,Alex Taylor,Alex,Taylor,64,alex.taylor@example.com,8787 Oak Dr,Philadelphia,PA,48226,(497) 793-3910
ff4e2ef5-4f72-41f4-90ea-4f40665b9f5b,Andrew Serrano,Andrew,Serrano,47,andrew.serrano@mail.com,9509 Maple Ave,Phoenix,AZ,88174,(193) 947-3323
e2141773-bfb8-4698-a4da-2be4540c14a5,Micheal Ross,Micheal,Ross,28,micheal.ross@sample.org,6501 Oak Dr,Los Angeles,CA,62784,(288) 290-1044
e9647282-4e31-40a7-a07e-5d10cd7e447a,Anne Jackson,Anne,Jackson,60,anne.jackson@example.com,4567 Oak Dr,Phoenix,AZ,23508,(217) 316-6129
6a0e8a99-d39a-4600-9876-1344b693450f,Amy Andrade,Amy,Andrade,27,amy.andrade@sample.org,3811 Maple Ave,Dallas,TX,76055,(258) 329-5736
ea224baf-b892-4ba2-b9f3-d14cc512820c,Christopher Cooper,Christopher,Cooper,69,christopher.cooper@mail.com,7081 Maple Ave,San Antonio,TX,89086,(245) 728-9321
1233e680-06d7-4b38-8c6e-796ef158556a,Chad Walsh,Chad,Walsh,28,chad.walsh@example.com,2426 Pine Rd,New York,NY,73315,(170) 560-4639
3810f8e6-9278-4c26-9be0-d6d6c35fe477,Ashley Mcdaniel,Ashley,Mcdaniel,19,ashley.mcdaniel@sample.org,2005 Oak Dr,Phoenix,AZ,96030,(920) 416-9471
ffd40778-a37e-453c-81d1-9a769cac4692,Shannon Alexander,Shannon,Alexander,26,shannon.alexander@example.com,5232 Oak Dr,Chicago,IL,15735,(761) 792-1324
8ebb4b7d-ed19-43be-a647-6c3a9a6a166a,David Mann,David,Mann,26,david.mann@mail.com,9658 Main St,Houston,TX,28372,(165) 822-4073
e0cbd2e1-eee7-409c-9cf1-707eb4f867ce,Christopher Torres,Christopher,Torres,37,christopher.torres@sample.org,7470 Main St,San Antonio,TX,44709,(773) 654-6900
d285a28f-6fa3-4c70-9469-73e7fe1787ae,Elizabeth Ryan DVM,Elizabeth,Ryan DVM,62,elizabeth.ryan dvm@mail.com,1857 Main St,San Diego,CA,86707,(425) 281-7755
77b903b9-c97e-44ae-8274-9dea7b101277,Christine Gonzales,Christine,Gonzales,25,christine.gonzales@mail.com,4863 Oak Dr,Philadelphia,PA,29476,(986) 276-9662
953ad96a-103b-4460-a3b5-14b78403eb5d,Lindsey Hunter,Lindsey,Hunter,46,lindsey.hunter@sample.org,1696 Maple Ave,San Antonio,TX,67371,(982) 313-5203
875e080f-6237-421c-b26b-433b3b0c6584,Dr. Matthew Hancock,Dr.,Matthew Hancock,19,dr..matthew hancock@sample.org,9268 Oak Dr,Phoenix,AZ,86636,(822) 469-7537
400ec64f-461d-45c5-b45e-b5c8dc21b4e1,Sara Valentine,Sara,Valentine,69,sara.valentine@mail.com,4510 Main St,Chicago,IL,78683,(180) 308-5421
d23755ac-d315-4dfd-ae80-4fa042f7d833,John Brewer,John,Brewer,33,john.brewer@sample.org,8201 Main St,Dallas,TX,91949,(335) 565-3813
47334d60-a9ec-4cf6-8af3-a2d030a6062f,Ryan Carpenter,Ryan,Carpenter,47,ryan.carpenter@sample.org,7879 Maple Ave,Philadelphia,PA,77293,(277) 949-4486
2a26f327-c9ef-40f4-bb8c-c809417caad1,Danny Walker,Danny,Walker,39,danny.walker@mail.com,6370 Pine Rd,Los Angeles,CA,67601,(405) 161-4222
f1c35457-d11b-4726-ae58-b98a09167675,Sarah Harris,Sarah,Harris,67,sarah.harris@mail.com,4744 Maple Ave,Houston,TX,20885,(177) 115-1891
3f13d579-3df8-478c-b978-eec7255facfa,Richard Lee,Richard,Lee,55,richard.lee@sample.org,2316 Maple Ave,Houston,TX,26576,(293) 293-2621
40353a67-5df0-44ca-9c10-b42fab44c6f3,Robert Skinner,Robert,Skinner,49,robert.skinner@sample.org,6374 Pine Rd,Dallas,TX,22801,(100) 621-1707
baa48fe5-b7a4-4ea7-8eaf-5387ded157f7,Tracy Santiago MD,Tracy,Santiago MD,30,tracy.santiago md@example.com,290 Oak Dr,Los Angeles,CA,12242,(276) 655-1313
899ea741-e615-4f9e-ad30-286f6f306f00,Mr. Jeremy Cameron,Mr.,Jeremy Cameron,63,mr..jeremy cameron@sample.org,6414 Maple Ave,San Diego,CA,25764,(565) 366-9763
0a42e609-2a53-4824-bf02-0088bdb9b149,Sharon Sawyer,Sharon,Sawyer,41,sharon.sawyer@example.com,3411 Pine Rd,Los Angeles,CA,62356,(924) 880-4074
5f8c9b91-24ee-43a2-b758-fece4c2fd787,Richard Holloway,Richard,Holloway,34,richard.holloway@sample.org,120 Maple Ave,San Antonio,TX,17339,(315) 190-9673
46d24c86-1a31-430e-b1c4-1f4d8632c5ee,Glen King,Glen,King,48,glen.king@mail.com,2418 Pine Rd,New York,NY,96561,(711) 397-6911
143944c0-b4d0-48f7-ac1f-6ffaeff64a70,Lydia Khan,Lydia,Khan,61,lydia.khan@sample.org,4821 Pine Rd,Phoenix,AZ,13602,(977) 389-6617
b69dd468-7a0d-45e5-951c-ead1fcda2225,David Cooper DDS,David,Cooper DDS,24,david.cooper dds@example.com,1061 Pine Rd,Chicago,IL,35573,(224) 976-3087
a5781cf5-d32e-4370-b0f8-4f229bc0efa4,Madison Davis,Madison,Davis,26,madison.davis@example.com,4139 Pine Rd,Philadelphia,PA,39546,(163) 577-1411
0db82818-585b-4e3f-9898-2a72727c2e42,Mary Pacheco,Mary,Pacheco,62,mary.pacheco@example.com,910 Main St,Los Angeles,CA,66068,(303) 333-4039
cec4dd97-5c6e-415b-ba06-47dc8ef4570f,Terry Rice,Terry,Rice,57,terry.rice@sample.org,3123 Oak Dr,New York,NY,62864,(486) 978-3061
b418aed1-0951-4085-9fe4-e750e7fe45f9,Peter Ross,Peter,Ross,27,peter.ross@example.com,6380 Oak Dr,Houston,TX,33191,(543) 466-7918
b4cc95b0-6dbf-4264-a3ef-43fbbadf652a,Devin Clayton,Devin,Clayton,27,devin.clayton@example.com,6554 Pine Rd,New York,NY,52465,(843) 564-6500
19a47a26-3ca3-42d2-9e2d-8da79f09b587,Suzanne Farley,Suzanne,Farley,39,suzanne.farley@example.com,994 Main St,Phoenix,AZ,59815,(980) 391-7176
7528c8de-b892-4894-8892-94a29730aa9c,Andrea Moore,Andrea,Moore,54,andrea.moore@sample.org,3855 Main St,Philadelphia,PA,90224,(694) 519-3202
1826e2e6-ccef-4719-8707-4c18ec953356,Misty Reed,Misty,Reed,34,misty.reed@sample.org,1724 Oak Dr,Dallas,TX,16945,(277) 815-6613
5daa5d95-314b-4f5e-8926-8d61c9d4daa1,Mr. Adam Carey,Mr.,Adam Carey,27,mr..adam carey@example.com,5788 Pine Rd,Los Angeles,CA,13193,(344) 860-2110
d224c314-09b4-49c7-9490-53d3247615d2,Julie Dixon,Julie,Dixon,57,julie.dixon@example.com,7842 Oak Dr,Los Angeles,CA,62747,(965) 589-1223
15aeedcc-eed4-453e-850c-7f876e54c4ab,Robert Lang,Robert,Lang,61,robert.lang@sample.org,993 Maple Ave,Dallas,TX,58168,(163) 687-8620
ac4632eb-3a22-4956-896e-0a3899a647f1,Deborah Page,Deborah,Page,28,deborah.page@mail.com,685 Oak Dr,Philadelphia,PA,18398,(989) 303-3388
890861ac-5e77-4568-aaff-807b37e6f872,Caitlyn Hill,Caitlyn,Hill,28,caitlyn.hill@sample.org,2308 Oak Dr,Houston,TX,64868,(180) 241-6172
f7989645-3a12-42f6-a926-2a7388aeb297,Stacy Ibarra,Stacy,Ibarra,25,stacy.ibarra@sample.org,8097 Oak Dr,Dallas,TX,70592,(874) 408-6932
3bfe5d2b-8ab3-473f-b56c-cdd86fff8877,Martin Cook,Martin,Cook,27,martin.cook@mail.com,5062 Maple Ave,Chicago,IL,78208,(446) 279-5560
bbce772f-b9b7-49f2-b79e-fa5d953ced6b,Debbie Lopez,Debbie,Lopez,67,debbie.lopez@mail.com,6269 Oak Dr,New York,NY,35277,(102) 605-5077
5da6ee93-0365-4464-849c-cba666614c05,Christina Roberts,Christina,Roberts,58,christina.roberts@example.com,7461 Pine Rd,Chicago,IL,58427,(727) 183-6924
f4c4994a-5a77-4a2f-902b-4f69c22ccee3,Melissa Roberts,Melissa,Roberts,63,melissa.roberts@sample.org,5453 Oak Dr,Phoenix,AZ,98071,(925) 957-4654
19fee9df-73a9-41e9-9777-18d2a79ab8b4,Amy Garcia,Amy,Garcia,38,amy.garcia@sample.org,1789 Oak Dr,Dallas,TX,53710,(836) 784-2460
d6cf7caa-9dd8-48c6-b4ee-5a02f62bb280,David Webb,David,Webb,40,david.webb@sample.org,1557 Oak Dr,Houston,TX,92710,(109) 689-4346
04edb858-b8d9-455a-a1f2-f236df11a91f,Curtis Moore,Curtis,Moore,66,curtis.moore@sample.org,2622 Oak Dr,Houston,TX,89315,(214) 982-4116
94a6d963-227a-4d07-92a6-0bb60ebd66e6,Ann Yoder,Ann,Yoder,41,ann.yoder@sample.org,2370 Oak Dr,Dallas,TX,63247,(568) 526-6025
627b564c-f368-4634-b7f8-d7e1c5ee980a,David Leonard,David,Leonard,33,david.leonard@mail.com,4132 Main St,San Antonio,TX,92429,(273) 792-1977
72492cee-bfcb-4501-9a63-5afe45f5215a,Crystal Mendez,Crystal,Mendez,37,crystal.mendez@example.com,3973 Pine Rd,Phoenix,AZ,37895,(169) 765-6387
bb0bc182-b8f7-4f26-b794-dca522dd4cec,Christina Ramirez,Christina,Ramirez,29,christina.ramirez@sample.org,8560 Main St,Dallas,TX,40645,(741) 580-3010
387603c1-d2a6-475e-ab4c-9ba7aa78bb27,James Thomas,James,Thomas,57,james.thomas@mail.com,8474 Main St,Philadelphia,PA,11706,(198) 888-4309
125d87d5-a36a-4f4e-865c-3122386e88ca,Dale Berry,Dale,Berry,40,dale.berry@sample.org,6195 Pine Rd,New York,NY,15405,(694) 806-2938
bde10f4a-86e5-45d2-b176-3ec1222265c1,Vincent Clark,Vincent,Clark,50,vincent.clark@sample.org,2842 Main St,San Antonio,TX,24950,(334) 480-3060
ead66f31-3437-42c5-9145-8281898ce326,Rachael Hobbs,Rachael,Hobbs,33,rachael.hobbs@mail.com,4075 Pine Rd,San Diego,CA,30850,(986) 950-7407
b91c4cbb-67d6-4515-b897-dd13e44c1101,Michelle White,Michelle,White,21,michelle.white@example.com,3745 Main St,Dallas,TX,47197,(118) 396-3625
adf0d9db-c6a0-4226-a93f-30482ccd9d28,Donald Thomas,Donald,Thomas,45,donald.thomas@sample.org,7825 Pine Rd,San Antonio,TX,15698,(944) 115-9915
34a7e239-a098-4105-a6ab-b1a2c1c1c160,Jay Haley,Jay,Haley,56,jay.haley@sample.org,9067 Maple Ave,San Diego,CA,70148,(298) 105-1778
438d7ce2-8d55-49cd-ab64-d781e25abb9e,Debra Simmons,Debra,Simmons,63,debra.simmons@sample.org,5209 Oak Dr,New York,NY,67014,(206) 770-6003
36df5a68-777a-4824-9342-f7f557e872ba,Kimberly Barnes,Kimberly,Barnes,44,kimberly.barnes@sample.org,3733 Oak Dr,New York,NY,25596,(773) 187-6965
ed7f8737-2c99-408f-afd0-f91c740e414c,Sarah Ross,Sarah,Ross,33,sarah.ross@sample.org,3105 Maple Ave,Houston,TX,58428,(871) 737-2636
a1be3ec3-e6d6-43ba-8011-02ffe7491e78,Jeffery Harrison,Jeffery,Harrison,48,jeffery.harrison@sample.org,8505 Main St,Philadelphia,PA,85494,(450) 764-8127
848c50eb-5e2a-4b53-b6b9-751bfad107b7,Cynthia Owens,Cynthia,Owens,56,cynthia.owens@example.com,4631 Pine Rd,San Antonio,TX,69419,(607) 797-4543
017413ff-58e5-4097-93e6-84f98038b20b,Angela Stephens,Angela,Stephens,65,angela.stephens@example.com,9814 Maple Ave,New York,NY,98458,(700) 595-9480
367f1e9a-938e-4d15-8ec1-50ce91fef6ce,Virginia James,Virginia,James,43,virginia.james@sample.org,1141 Oak Dr,Dallas,TX,58315,(666) 896-1987
fa08fd03-3569-400d-9d63-e8ae15712195,Cody Gonzalez,Cody,Gonzalez,46,cody.gonzalez@sample.org,5473 Pine Rd,Houston,TX,58149,(466) 862-8669
52ecad80-29ad-4b94-8e45-82007ac63dba,Emily Anderson,Emily,Anderson,58,emily.anderson@example.com,1758 Pine Rd,San Antonio,TX,56584,(758) 490-2172
ff29ece6-95da-4800-acd2-b14950a339dd,Melissa Sanders,Melissa,Sanders,62,melissa.sanders@sample.org,2144 Pine Rd,Los Angeles,CA,15318,(996) 892-6619
03a59f85-596f-4b87-9ab3-5f1a84f37beb,Samuel Washington,Samuel,Washington,25,samuel.washington@example.com,2511 Pine Rd,Dallas,TX,75527,(798) 135-4358
53dda453-796e-4167-b482-7449bd52694f,Tanya Anderson,Tanya,Anderson,46,tanya.anderson@sample.org,8704 Oak Dr,Philadelphia,PA,79561,(127) 584-1297
f35eb7b6-1b25-433b-90b5-29212b72f6e2,Brittany Reed,Brittany,Reed,40,brittany.reed@example.com,5024 Main St,San Antonio,TX,72747,(968) 531-6594
28a5a7b8-b34b-47a6-91f7-8e384d6b6f59,Mark Jenkins,Mark,Jenkins,30,mark.jenkins@sample.org,1924 Maple Ave,San Diego,CA,99684,(229) 236-3888
3f78077b-93c7-4c4e-8976-f16cb11cfcfc,Brenda Kent,Brenda,Kent,54,brenda.kent@mail.com,6439 Maple Ave,Philadelphia,PA,51980,(461) 436-5982
efc6a229-f984-41c8-b741-83d9a46c5fd1,Jay Cruz,Jay,Cruz,50,jay.cruz@example.com,8468 Pine Rd,San Antonio,TX,99469,(311) 822-2830
8f40d15b-7ab5-4fdb-b9a0-767514af456f,Karen Obrien,Karen,Obrien,54,karen.obrien@example.com,5601 Oak Dr,Chicago,IL,34786,(455) 394-4335
41653b96-0020-4b26-86da-cb8f9aac99a0,Heather Gomez MD,Heather,Gomez MD,65,heather.gomez md@example.com,1925 Maple Ave,Chicago,IL,42189,(337) 645-9744
2dc965e2-d3fc-4bc8-a118-d1636dbfe8c5,Sarah Thomas,Sarah,Thomas,41,sarah.thomas@mail.com,5974 Maple Ave,Philadelphia,PA,87017,(888) 522-3278
2ef9867e-e76c-4d07-8089-7935ba03ca03,Ashley Bradley,Ashley,Bradley,45,ashley.bradley@sample.org,6892 Pine Rd,Los Angeles,CA,59616,(689) 410-4752
6bb3949d-b446-4beb-bcc9-01846e7ef85f,Nicole Martin,Nicole,Martin,28,nicole.martin@sample.org,7121 Pine Rd,Philadelphia,PA,44202,(247) 783-3172
04b679f3-0691-47bc-975a-fdac41f52db4,Matthew Grant,Matthew,Grant,28,matthew.grant@mail.com,3482 Pine Rd,Houston,TX,57055,(705) 381-2875
4b503eb1-da2e-4115-8f64-b4dc888db448,Joshua Wells,Joshua,Wells,68,joshua.wells@example.com,7389 Main St,San Diego,CA,94150,(489) 115-3317
90249383-3427-4005-a185-d20f5542dae5,Christopher Villa,Christopher,Villa,56,christopher.villa@mail.com,3436 Main St,Dallas,TX,45168,(314) 505-6126
058a019d-da8d-434a-8e8b-621c3b214928,Danielle Weaver,Danielle,Weaver,26,danielle.weaver@example.com,8128 Pine Rd,San Diego,CA,89050,(278) 668-8745
598904ac-fa48-43af-8fe9-41388451ae53,Debra Hall,Debra,Hall,55,debra.hall@example.com,9689 Main St,Phoenix,AZ,88434,(798) 982-3757
2068f48f-4c39-4084-81d1-95af149d8547,Sharon Sims,Sharon,Sims,25,sharon.sims@sample.org,5394 Maple Ave,Los Angeles,CA,17760,(976) 761-5730
dec2b1be-3447-4044-b4e3-17848dfd390e,Diane Marshall,Diane,Marshall,47,diane.marshall@mail.com,8846 Oak Dr,New York,NY,57125,(649) 878-2202
6b9cd81e-126c-4c53-b6b5-575d78951256,Andrea Randall,Andrea,Randall,33,andrea.randall@sample.org,5376 Pine Rd,Los Angeles,CA,25016,(311) 779-3338
0e7b96a0-3300-42a0-b46a-0376d91610eb,Tammy Watson,Tammy,Watson,53,tammy.watson@sample.org,8859 Maple Ave,Los Angeles,CA,85115,(774) 812-4886
33a6f9f2-9265-47a5-ab40-37c29c87ed07,George Moore,George,Moore,68,george.moore@sample.org,264 Oak Dr,Dallas,TX,88906,(846) 619-5627
3fa371d4-77dd-4e91-9a2f-86801b001903,Diane Davis,Diane,Davis,49,diane.davis@example.com,913 Pine Rd,New York,NY,69886,(322) 311-7747
2977486c-8467-4a72-a290-db87a9022320,Michael Walker,Michael,Walker,23,michael.walker@example.com,7332 Main St,Philadelphia,PA,69706,(576) 130-8507
2251b079-d6df-4d71-bd74-d2a00e841a9d,Jonathan Bennett,Jonathan,Bennett,50,jonathan.bennett@example.com,4503 Maple Ave,Phoenix,AZ,47596,(714) 479-1954
26b9f21d-cabb-40f3-b28e-71549d01a6e1,Lynn Ramirez,Lynn,Ramirez,30,lynn.ramirez@mail.com,8569 Maple Ave,Phoenix,AZ,47194,(215) 915-8832
1fcec697-8153-4717-a361-5a4257e0c9b7,Courtney James,Courtney,James,63,courtney.james@sample.org,2623 Oak Dr,New York,NY,16651,(843) 871-9231
d477b62b-46ba-4eaa-a26a-8e3d43ea5a28,Kelsey Miller,Kelsey,Miller,23,kelsey.miller@mail.com,6360 Pine Rd,San Antonio,TX,20069,(709) 741-9869
55ae024c-4a5e-49d8-be84-2f493dc83880,Christopher Schmidt,Christopher,Schmidt,39,christopher.schmidt@mail.com,4065 Main St,Phoenix,AZ,58776,(868) 262-6990
71972ade-a5de-461b-aac8-49774ccb1a4a,Casey Barnes,Casey,Barnes,42,casey.barnes@mail.com,4227 Main St,Chicago,IL,64415,(870) 347-7595
a6e1b4c7-24c0-48ca-96ee-6d0a46348a82,Michael Baker Jr.,Michael,Baker Jr.,39,michael.baker jr.@sample.org,6683 Pine Rd,Phoenix,AZ,60200,(894) 477-1525
bab8979a-8cd9-477b-bbd7-2e1dbab88437,Dawn Williams,Dawn,Williams,19,dawn.williams@example.com,1670 Oak Dr,Phoenix,AZ,84589,(370) 550-9727
b8ccafb8-eae9-4e35-beb2-afbc3cb9690c,Zachary Holland MD,Zachary,Holland MD,55,zachary.holland md@mail.com,3545 Maple Ave,Philadelphia,PA,22165,(942) 888-1039
f24f29fa-33e9-41e2-8965-ac4e39be3919,Amber Lopez,Amber,Lopez,50,amber.lopez@sample.org,7833 Main St,Houston,TX,32738,(335) 445-9169
59292cdf-6314-4444-aee9-45a78c76dcbe,Paige Lawson,Paige,Lawson,34,paige.lawson@mail.com,7598 Main St,San Antonio,TX,88962,(940) 877-9537
47ac22ab-9718-46c4-ac3b-e6473f31a413,Nicholas Mcdowell,Nicholas,Mcdowell,40,nicholas.mcdowell@mail.com,5549 Main St,San Diego,CA,79003,(512) 597-5027
af16d888-ff4c-4c16-a2f8-9e2a3a9677c7,Jeffrey Gutierrez,Jeffrey,Gutierrez,48,jeffrey.gutierrez@sample.org,7487 Oak Dr,San Antonio,TX,65547,(529) 735-8031
7bd64d99-cfe2-4e61-aed9-8b6f3d410468,Kaitlin Hall,Kaitlin,Hall,52,kaitlin.hall@sample.org,6003 Oak Dr,Phoenix,AZ,72704,(348) 157-2838
2aaf9fc4-0801-4163-8cc8-39558682f704,Maria Cherry,Maria,Cherry,41,maria.cherry@example.com,4575 Main St,Philadelphia,PA,90112,(532) 629-5570
7e06ea60-a336-46ee-a77d-ca114267af0d,Alyssa Riddle,Alyssa,Riddle,53,alyssa.riddle@mail.com,2679 Main St,Houston,TX,10982,(325) 816-3119
8aff4c2d-48b5-4b85-bf21-20ad95d18b6c,George Farrell,George,Farrell,57,george.farrell@sample.org,2443 Main St,San Antonio,TX,63745,(381) 175-1473
13ae1187-ebff-4588-bbf0-db26b1bbb598,Richard Cannon,Richard,Cannon,20,richard.cannon@example.com,4035 Main St,Los Angeles,CA,92271,(652) 571-5691
b4eb2e6a-e0ab-46b4-8a7a-cb2e92d8e009,Erin Baker,Erin,Baker,22,erin.baker@mail.com,695 Pine Rd,New York,NY,46696,(107) 116-9666
167ce993-af12-4071-a5cb-fb3f09045741,Jennifer Singh,Jennifer,Singh,53,jennifer.singh@example.com,379 Maple Ave,San Diego,CA,57038,(649) 565-4547
358fc32a-8446-4c62-b4a1-92b145a689e8,Erin Lucas,Erin,Lucas,37,erin.lucas@sample.org,1772 Maple Ave,San Antonio,TX,10298,(283) 856-6070
8cef9627-37e9-4bad-a5d7-69f87f291c90,Matthew Stewart,Matthew,Stewart,23,matthew.stewart@mail.com,5167 Main St,New York,NY,87045,(373) 375-9497
8d5d45b6-2bf0-4380-85a0-b73fcbc86e94,William Valenzuela,William,Valenzuela,39,william.valenzuela@sample.org,5640 Maple Ave,Chicago,IL,50591,(945) 872-9439
43317971-4c76-44db-9b97-011579286ea5,Christopher Hall,Christopher,Hall,53,christopher.hall@sample.org,4157 Maple Ave,Houston,TX,34500,(768) 205-1454
ef7f92e8-2f80-4e44-9e56-9ee276819791,Shelby Gonzalez,Shelby,Gonzalez,40,shelby.gonzalez@example.com,3774 Maple Ave,Houston,TX,41245,(826) 154-3989
6d24a27b-89f9-4e69-8c83-6f87ce5b6d33,Erik Mason,Erik,Mason,35,erik.mason@mail.com,1322 Oak Dr,New York,NY,12453,(237) 210-3925
e8e92a9f-bec3-4873-951c-b05d0fe37715,Natasha Wright,Natasha,Wright,28,natasha.wright@mail.com,1350 Maple Ave,Philadelphia,PA,77242,(847) 890-4403
7b971d80-7566-4bfa-93b7-b87270c4b732,Arthur Mendoza,Arthur,Mendoza,59,arthur.mendoza@example.com,2917 Oak Dr,Dallas,TX,76318,(145) 689-6504
d5e5a6a6-cb8d-4d62-8551-298dee7f1f9f,Gregory Werner,Gregory,Werner,65,gregory.werner@sample.org,764 Main St,Dallas,TX,75506,(719) 220-2335
6058494e-8390-41a7-9c1b-182902dda8db,Stephanie Williams,Stephanie,Williams,60,stephanie.williams@sample.org,444 Oak Dr,New York,NY,10066,(821) 461-1724
09a354a5-a7cb-4687-8a52-c4a71feba0d2,Frederick Wiggins,Frederick,Wiggins,51,frederick.wiggins@mail.com,1071 Main St,New York,NY,61318,(980) 161-5933
64fec69e-52e2-471f-9fbc-7a8e33f991bd,Stephen Archer,Stephen,Archer,54,stephen.archer@sample.org,4679 Pine Rd,San Antonio,TX,76623,(424) 691-1283
0327ed4c-b4a3-4746-9221-3bb172a05c50,Justin Duarte,Justin,Duarte,70,justin.duarte@sample.org,1916 Pine Rd,New York,NY,43168,(982) 764-7572
35bb651c-499f-433f-b5af-b793b285e727,Jesse Moore,Jesse,Moore,58,jesse.moore@mail.com,9619 Main St,San Antonio,TX,26918,(902) 856-1691
e6e0c2ef-00b6-4d38-a129-32d4aa4e795d,Derek Cox,Derek,Cox,42,derek.cox@mail.com,3405 Main St,Chicago,IL,87917,(993) 863-8185
1fcfe435-1e78-4646-a517-19906c49735a,Deanna Torres,Deanna,Torres,43,deanna.torres@example.com,364 Pine Rd,San Diego,CA,20353,(471) 521-7481
bd463573-d217-4411-9ac0-8b72bd7609cd,Nicole Curtis,Nicole,Curtis,40,nicole.curtis@sample.org,4369 Pine Rd,Los Angeles,CA,95439,(719) 107-4980
3f5140d0-d9ef-4655-a6ab-69e5e6921143,Christian Mathis,Christian,Mathis,31,christian.mathis@example.com,7985 Pine Rd,San Diego,CA,51113,(363) 675-2286
e039c2ef-fe4c-4d60-97ee-99d043299f0e,Scott Chaney,Scott,Chaney,26,scott.chaney@example.com,1696 Main St,San Antonio,TX,99259,(429) 936-8508
72fd6924-b954-4c8f-9c0b-2545d0efe53b,John Hughes,John,Hughes,48,john.hughes@mail.com,3510 Main St,Philadelphia,PA,79200,(621) 783-3882
ae6e644d-c310-4f23-84dc-5063fc2e2953,Kimberly Jackson,Kimberly,Jackson,52,kimberly.jackson@example.com,670 Maple Ave,San Antonio,TX,34066,(557) 850-2736
341da637-6927-4a64-8183-13ec96005b5f,Carlos Bass Jr.,Carlos,Bass Jr.,34,carlos.bass jr.@example.com,7092 Oak Dr,San Diego,CA,22226,(916) 227-6845
3455f0ff-3219-4cd9-acd8-091f34518293,Chris Graves,Chris,Graves,50,chris.graves@mail.com,7479 Pine Rd,Los Angeles,CA,85475,(273) 101-5645
40c4aa0f-6d19-4084-820c-5764f87d9184,Alexandria Jarvis,Alexandria,Jarvis,67,alexandria.jarvis@mail.com,772 Pine Rd,Houston,TX,90094,(458) 596-6866
257291a7-c562-45b7-9229-49a527229518,Traci Landry,Traci,Landry,50,traci.landry@sample.org,261 Main St,Houston,TX,31106,(996) 895-7963
795d2b23-6186-4d66-beb4-690083c579a2,Matthew Dawson,Matthew,Dawson,58,matthew.dawson@mail.com,8266 Maple Ave,Phoenix,AZ,16403,(236) 137-3775
0f8ab48c-b1fa-4600-9712-1bc2a02d8f45,Elizabeth Montgomery,Elizabeth,Montgomery,19,elizabeth.montgomery@example.com,9230 Main St,New York,NY,91822,(675) 826-3974
22a4c19e-c3ff-455d-8a3b-d4a9bd6b8334,Victor Ramos,Victor,Ramos,34,victor.ramos@example.com,656 Main St,Chicago,IL,26182,(239) 981-5789
13b24541-2c78-41cb-a6b6-e8713ab9a16f,Bethany Baker,Bethany,Baker,32,bethany.baker@example.com,8615 Pine Rd,Dallas,TX,43281,(835) 929-6161
5d24b6bc-2eea-4766-a11d-b0aed43f038a,Cameron Smith,Cameron,Smith,29,cameron.smith@sample.org,8990 Oak Dr,Philadelphia,PA,82342,(809) 696-5570
b5b5a474-4e05-47bf-b9a2-872e5dc9a328,Dwayne Johnson,Dwayne,Johnson,21,dwayne.johnson@sample.org,7830 Pine Rd,Dallas,TX,98350,(102) 300-5132
9c98b2d4-f4f3-440f-b28d-0e1ca7a152a5,Jacob Brown,Jacob,Brown,25,jacob.brown@example.com,3121 Maple Ave,San Antonio,TX,32465,(985) 244-6133
c64e9b29-2c3f-4a02-bf80-175c5a980c92,Pamela Smith,Pamela,Smith,63,pamela.smith@mail.com,1468 Pine Rd,Los Angeles,CA,82604,(756) 324-2677
4cd79f83-9fc7-43e4-a4c1-89402b7124e1,John Price,John,Price,54,john.price@sample.org,7717 Oak Dr,Dallas,TX,99818,(719) 676-1293
f78c30cb-fcda-4209-9aea-0ae7ce4f7b81,Alyssa Martinez,Alyssa,Martinez,60,alyssa.martinez@mail.com,9312 Main St,Los Angeles,CA,63994,(752) 107-7695
5bc5dd9e-3670-4c84-be25-41eace68a711,Erin Flores PhD,Erin,Flores PhD,50,erin.flores phd@example.com,3530 Main St,Houston,TX,54457,(725) 531-7602
a0f290f7-884a-4d5d-b502-f43702abb2db,Rhonda Gomez,Rhonda,Gomez,63,rhonda.gomez@example.com,4889 Maple Ave,Philadelphia,PA,98256,(523) 947-3475
9ede5407-362e-465c-a234-482e1f2411c1,Heidi Randall,Heidi,Randall,52,heidi.randall@mail.com,6733 Main St,San Antonio,TX,11508,(931) 649-2864
ab833d6f-87cf-4229-a1f8-707b52a55e5e,Luis Francis,Luis,Francis,58,luis.francis@example.com,426 Main St,New York,NY,70798,(645) 313-1864
66dda3b2-66cf-4b2b-90b2-91abe28f6aa4,Stephanie Williams,Stephanie,Williams,28,stephanie.williams@example.com,7702 Maple Ave,Los Angeles,CA,97471,(758) 989-8564
b6552330-9932-4624-8855-b5b7aa13d3f4,Ann Morris,Ann,Morris,24,ann.morris@example.com,4241 Pine Rd,Chicago,IL,57847,(915) 347-7005
7532eee7-0f38-4249-9459-e40b83d75db2,George Bennett,George,Bennett,49,george.bennett@example.com,9585 Maple Ave,Philadelphia,PA,49483,(706) 474-9495
9455079c-4344-4995-939d-8184d7eb02e7,Douglas Shelton,Douglas,Shelton,47,douglas.shelton@mail.com,1707 Main St,Philadelphia,PA,21471,(716) 859-4052
8beae791-1455-41dd-a451-67f75ee83ea7,Michael Conner,Michael,Conner,46,michael.conner@example.com,2917 Main St,San Diego,CA,39512,(919) 614-8308
cb969dd8-a609-4b10-b213-d1011a90ef2b,Theodore Anderson,Theodore,Anderson,20,theodore.anderson@mail.com,1551 Main St,Philadelphia,PA,88003,(804) 329-6065
771f8441-b432-4b8a-8f8c-8890904c8a52,Kayla Brooks,Kayla,Brooks,36,kayla.brooks@mail.com,4323 Oak Dr,Phoenix,AZ,47981,(708) 355-6528
5350fafc-45eb-4871-a195-d1cc090f9d9c,Christopher Graham,Christopher,Graham,59,christopher.graham@mail.com,3369 Maple Ave,Los Angeles,CA,13008,(364) 112-1764
d88e53e9-6885-44c1-a0ce-e8ea44f2dcfc,Nicole Hall,Nicole,Hall,36,nicole.hall@sample.org,9214 Oak Dr,Chicago,IL,22162,(408) 778-8216
8a77ab59-ae1e-4b71-ab66-66bda4615cfd,Amy Taylor,Amy,Taylor,45,amy.taylor@mail.com,5128 Pine Rd,Phoenix,AZ,63432,(123) 243-8188
117583ee-3cd8-4690-89c9-d804aedc86a8,Carol Lee,Carol,Lee,24,carol.lee@example.com,4805 Pine Rd,San Diego,CA,62267,(343) 844-5363
0d0eb3cb-f3ad-4673-8ef1-3b4600242421,Mikayla Rivera,Mikayla,Rivera,53,mikayla.rivera@example.com,4378 Maple Ave,Chicago,IL,47918,(561) 653-3136
bea5ef1d-43b9-4df5-b3d1-436f675ec066,Daniel Cuevas,Daniel,Cuevas,58,daniel.cuevas@sample.org,8518 Main St,Houston,TX,68805,(440) 788-6932
96e4788e-210c-4cc9-97f7-b6b855134e0b,Lori Williams,Lori,Williams,62,lori.williams@sample.org,6789 Main St,Chicago,IL,84574,(616) 408-7600
40da201b-b0f6-453a-97ca-b9d61306ad15,Brandon Parker,Brandon,Parker,68,brandon.parker@mail.com,1612 Oak Dr,New York,NY,18104,(186) 258-3463
285bfea1-4dec-4f9d-a9f6-3b3cb20fdde9,Joshua Turner,Joshua,Turner,18,joshua.turner@example.com,9895 Pine Rd,San Diego,CA,72068,(307) 755-4758
a5f46489-06cf-45af-9efd-dbd27067716c,Brittany Turner,Brittany,Turner,56,brittany.turner@mail.com,7721 Pine Rd,Chicago,IL,60117,(763) 245-8163
4ecae9d3-e8de-48eb-baf6-e76c81c58c66,Mr. Clayton Kramer,Mr.,Clayton Kramer,27,mr..clayton kramer@mail.com,380 Pine Rd,Los Angeles,CA,72169,(732) 357-9547
a98f640e-492a-445a-8a0d-7d444e98f1a9,Carrie Abbott,Carrie,Abbott,22,carrie.abbott@mail.com,6866 Main St,San Diego,CA,65133,(122) 306-9396
e50d93de-3e78-4f09-8406-df4f27f26c8f,Leslie Conner,Leslie,Conner,21,leslie.conner@mail.com,5344 Main St,Chicago,IL,56891,(311) 419-6623
10d7cb3c-5a86-4eae-9da6-611ddf67fdd8,Stephanie Hanna,Stephanie,Hanna,35,stephanie.hanna@sample.org,385 Pine Rd,Houston,TX,59952,(941) 175-4250
c6abaffa-11df-4987-9806-71dced92f534,Elizabeth David,Elizabeth,David,53,elizabeth.david@example.com,5685 Maple Ave,Phoenix,AZ,42604,(302) 842-3699
fe1ef2c8-17e9-4560-bca8-d42ce43d899f,James Jordan,James,Jordan,35,james.jordan@example.com,3752 Main St,New York,NY,18216,(560) 531-1108
71ed3bfb-d094-47b4-bd02-9589f31e4c1d,Kyle Jones,Kyle,Jones,65,kyle.jones@sample.org,8059 Oak Dr,Los Angeles,CA,87890,(504) 470-3486
3e28e5b6-fe21-474e-b5bc-95ac85c187ad,Rebecca Torres,Rebecca,Torres,53,rebecca.torres@example.com,5550 Maple Ave,Phoenix,AZ,70407,(980) 509-8228
0a34659d-f0b2-4bdb-bf92-759aea838e90,Edward Bush,Edward,Bush,19,edward.bush@example.com,6718 Maple Ave,San Antonio,TX,11746,(447) 276-8269
b0581066-18c7-4fcf-8fa6-a671cb141ca5,Richard Li,Richard,Li,25,richard.li@sample.org,2520 Oak Dr,San Antonio,TX,85214,(693) 316-1528
e0df02ff-f788-4191-9881-df0d6c775206,Todd Cook,Todd,Cook,47,todd.cook@mail.com,6847 Main St,Los Angeles,CA,74965,(795) 479-6996
e8da2040-0489-4880-a881-ef127727f204,Natalie Hatfield,Natalie,Hatfield,26,natalie.hatfield@sample.org,9335 Maple Ave,New York,NY,62388,(236) 216-5186
c50959f1-d990-44ff-837f-4062c769ae54,Megan Sharp,Megan,Sharp,41,megan.sharp@example.com,8759 Maple Ave,Houston,TX,90087,(524) 183-1131
b01b46fd-8f75-4db5-806d-c5c5980008c4,Paul Gomez,Paul,Gomez,60,paul.gomez@mail.com,8574 Main St,San Antonio,TX,77339,(717) 352-6792
53ed5bac-fa7d-4b1d-a73c-6c2b9845c1d1,Ryan Garcia,Ryan,Garcia,70,ryan.garcia@sample.org,8730 Main St,Phoenix,AZ,39166,(592) 614-7257
89c10b53-36ee-4f1c-8430-7090dbf04a44,Courtney Martinez,Courtney,Martinez,26,courtney.martinez@mail.com,4505 Main St,Phoenix,AZ,40512,(258) 101-3765
8fd99d74-d73b-4014-a8fa-a37b39befe36,Manuel Mooney,Manuel,Mooney,20,manuel.mooney@mail.com,7709 Pine Rd,Phoenix,AZ,84654,(150) 860-9641
fa2a460e-af12-4197-b38d-d2822d96e879,Douglas Coffey,Douglas,Coffey,41,douglas.coffey@sample.org,6622 Maple Ave,Houston,TX,66121,(990) 431-3959
4a81b4c3-9e04-4757-a7c6-3191447eadc3,Holly Walker,Holly,Walker,34,holly.walker@example.com,1650 Oak Dr,Dallas,TX,43513,(129) 202-2923
9adbebb4-c5dd-473e-b0ca-c36f10577392,Amanda Fowler,Amanda,Fowler,61,amanda.fowler@mail.com,1874 Pine Rd,Los Angeles,CA,51412,(549) 466-6705
d64805ac-2294-4438-af7d-1f1483e8fd7b,Cassandra Torres,Cassandra,Torres,24,cassandra.torres@mail.com,9292 Maple Ave,Houston,TX,41695,(184) 883-5416
18e7baeb-a66e-4a7d-882d-355810698bc3,Brian Bradford,Brian,Bradford,52,brian.bradford@sample.org,9072 Pine Rd,Dallas,TX,31439,(546) 783-8391
ec4bebdf-042b-4c0a-9846-f86a1a9685e9,Tricia Garcia,Tricia,Garcia,47,tricia.garcia@sample.org,2346 Maple Ave,San Antonio,TX,36080,(964) 231-4199
e5873f83-602d-4424-9c5e-184c56c9d4ba,Rebecca Roberson,Rebecca,Roberson,41,rebecca.roberson@sample.org,6497 Pine Rd,Chicago,IL,68823,(897) 622-1404
5bf14829-99bd-4d3c-b504-edd1e45593a0,Henry Harris,Henry,Harris,23,henry.harris@sample.org,8183 Oak Dr,Chicago,IL,74896,(733) 937-3234
a3c5ffdb-8383-4846-a0c1-c9bf88ba6832,Charles Allen,Charles,Allen,23,charles.allen@mail.com,1407 Pine Rd,San Antonio,TX,34985,(604) 807-3938
c502b1f4-b287-444d-b643-953150ebee0d,Daniel Greer,Daniel,Greer,54,daniel.greer@example.com,5801 Pine Rd,New York,NY,47137,(161) 429-4797
a2388294-855e-4447-a3d5-b3649380d30e,Paul Perez,Paul,Perez,64,paul.perez@example.com,4455 Main St,Dallas,TX,56929,(377) 399-8419
e9415456-41d5-4caa-84d2-e8a6d49cb1ae,Christopher Benitez,Christopher,Benitez,55,christopher.benitez@mail.com,6476 Pine Rd,New York,NY,47304,(153) 654-6394
416cd82a-8e13-48b3-a6e1-dadbf5a29d2d,Kathleen Lucas,Kathleen,Lucas,20,kathleen.lucas@example.com,4941 Main St,Houston,TX,61688,(785) 376-8379
f9c2b37f-2e88-4008-a277-99f35c4760bf,John Phillips,John,Phillips,45,john.phillips@example.com,7625 Oak Dr,San Diego,CA,37608,(995) 903-4789
3207b0f3-9af4-4ba4-acb1-6ba8ea25f52e,Kevin Arroyo,Kevin,Arroyo,32,kevin.arroyo@sample.org,4455 Pine Rd,Dallas,TX,85180,(242) 270-7177
425be648-8195-4636-880e-d86e4cd8e38f,Angela Roberson,Angela,Roberson,22,angela.roberson@sample.org,8650 Pine Rd,Phoenix,AZ,36690,(643) 491-7924
4ba45839-9bf9-4071-b1ca-52719a49c9fa,Heather Ferguson,Heather,Ferguson,31,heather.ferguson@mail.com,4367 Oak Dr,Phoenix,AZ,86903,(842) 643-8139
80968676-93cd-4bf5-a9f9-595055ff800a,Dr. Ryan Wright,Dr.,Ryan Wright,57,dr..ryan wright@mail.com,7774 Pine Rd,Chicago,IL,83428,(188) 248-7510
3b0faafa-80d0-490d-bdd0-fe1f13d22058,Victoria Terrell,Victoria,Terrell,64,victoria.terrell@sample.org,1267 Main St,Philadelphia,PA,70287,(984) 603-6187
c052cca8-a71b-4e49-b713-c012bcfce146,Noah Jones,Noah,Jones,67,noah.jones@example.com,986 Oak Dr,New York,NY,51954,(238) 761-9507
b08f3b44-9c9f-407f-a89d-961068f5f58c,Erin King,Erin,King,39,erin.king@mail.com,6548 Maple Ave,Los Angeles,CA,69022,(217) 474-9066
aa0533fd-252b-49cb-8070-77b5c88b04ee,Sandra Myers,Sandra,Myers,37,sandra.myers@sample.org,846 Pine Rd,San Antonio,TX,91553,(476) 694-6741
863114b5-ba0b-4849-bbc4-d76d59fd0215,Gregory Moore,Gregory,Moore,18,gregory.moore@sample.org,6679 Main St,Phoenix,AZ,80472,(386) 353-4842
4b14013f-d7e7-44b8-a287-329bf6e298c3,Patricia Williamson,Patricia,Williamson,59,patricia.williamson@sample.org,1106 Main St,San Diego,CA,96434,(125) 361-9543
b30877a4-5c8f-4cdb-94ea-3569b516061a,Melissa Wilkinson,Melissa,Wilkinson,60,melissa.wilkinson@example.com,7802 Maple Ave,Chicago,IL,41714,(515) 576-6301
355d89d9-bf5a-41df-9382-a5e57cbbbec4,Reginald Smith,Reginald,Smith,39,reginald.smith@sample.org,8891 Oak Dr,San Diego,CA,93221,(506) 266-6889
8fe1e8f7-9891-4978-ae6c-34234f35c728,Paula Garcia,Paula,Garcia,46,paula.garcia@mail.com,6022 Main St,Dallas,TX,97748,(840) 217-3840
53352c2c-02b9-41af-b276-94d6d22379fe,Dana Wolfe,Dana,Wolfe,58,dana.wolfe@mail.com,8382 Pine Rd,Phoenix,AZ,74809,(167) 440-8216
019bbbbd-bb75-49d2-8d74-d1c01012bd21,David Nguyen,David,Nguyen,57,david.nguyen@sample.org,2768 Oak Dr,Los Angeles,CA,20310,(597) 714-8218
d45ce04e-1258-4744-ab7d-af982c28565d,Jordan Mccullough,Jordan,Mccullough,27,jordan.mccullough@mail.com,6696 Main St,Dallas,TX,56526,(734) 699-4820
7755a749-3460-4f0c-a33c-428dccd20885,Shannon Baker,Shannon,Baker,63,shannon.baker@example.com,2943 Maple Ave,Los Angeles,CA,59448,(383) 164-6006
0f708081-5838-40db-84a9-ca8b6845336f,Monica Bender,Monica,Bender,20,monica.bender@mail.com,9680 Oak Dr,Phoenix,AZ,22004,(756) 498-7976
ce69d742-4723-467f-9e5d-262fff84a6a6,Jeffrey Cannon,Jeffrey,Cannon,55,jeffrey.cannon@example.com,8200 Oak Dr,New York,NY,82993,(854) 537-6890
913a8985-53b2-4a69-b2a2-3e44370275d4,Jason Rodriguez,Jason,Rodriguez,26,jason.rodriguez@sample.org,3685 Maple Ave,San Antonio,TX,51026,(172) 224-1668
cc6e430a-d0ba-4c08-8809-84cbb2347a9f,Alec Ayala,Alec,Ayala,55,alec.ayala@example.com,4355 Main St,San Diego,CA,30585,(448) 169-2943
5f2b73d5-f495-401c-82ee-47cf4886bfa2,Matthew Harper,Matthew,Harper,46,matthew.harper@sample.org,6403 Maple Ave,Chicago,IL,61956,(863) 623-4154
e7e3f8e8-5e9a-4cea-90ea-8ba71ec98685,Michelle Tran,Michelle,Tran,64,michelle.tran@example.com,6949 Oak Dr,New York,NY,93400,(209) 816-2805
7902cccb-bb75-45ac-92b3-688e65d231bb,Kimberly Coleman,Kimberly,Coleman,57,kimberly.coleman@sample.org,7635 Main St,Chicago,IL,23366,(319) 260-4825
b81636bb-71f3-4ace-8eb7-628abe1eac07,Heather Mason,Heather,Mason,29,heather.mason@sample.org,9423 Oak Dr,Dallas,TX,85042,(789) 439-5963
b66b0e13-b74e-40e7-b3e7-1583f2f08a9b,Samantha Coleman,Samantha,Coleman,20,samantha.coleman@example.com,1861 Maple Ave,Houston,TX,77875,(782) 558-3639
b65fff66-1997-4dd8-bc91-1349a415e4a0,Madeline Smith,Madeline,Smith,21,madeline.smith@sample.org,6789 Maple Ave,Los Angeles,CA,49750,(563) 547-6758
05e61dfb-4365-41c3-8f86-f9b259998765,Nancy Jackson,Nancy,Jackson,61,nancy.jackson@sample.org,9300 Oak Dr,New York,NY,91821,(355) 712-8595
31006b42-8446-43cf-bd23-af4d84ca2c85,Susan Odom,Susan,Odom,27,susan.odom@mail.com,6900 Pine Rd,San Diego,CA,53978,(222) 982-1288
8f06b288-f9eb-454f-adef-47f12b7572d7,Megan Baker,Megan,Baker,31,megan.baker@mail.com,2576 Main St,Chicago,IL,43001,(816) 433-7817
d18e4429-67b8-4ac0-8d74-6c1d026d15a7,Adam Roberts,Adam,Roberts,61,adam.roberts@example.com,4337 Main St,Los Angeles,CA,11961,(848) 798-2561
83864095-dda9-4a16-ab3a-ba6429fa3dbd,Sarah Robertson,Sarah,Robertson,68,sarah.robertson@mail.com,1542 Pine Rd,San Antonio,TX,14901,(412) 571-5829
45ed3c5a-3c94-463b-91d2-73d3333fe5fc,James Calderon,James,Calderon,69,james.calderon@mail.com,3901 Maple Ave,Philadelphia,PA,39497,(728) 248-7086
68f7b3c8-c205-42bc-bb75-a97603ceab5f,Jerry Kelly,Jerry,Kelly,46,jerry.kelly@mail.com,721 Main St,Dallas,TX,29953,(193) 127-5379
5a62f2b9-646a-4b84-b570-661ca33a139f,Norman Martin,Norman,Martin,30,norman.martin@example.com,672 Maple Ave,San Diego,CA,24458,(361) 420-1064
89c8f0cc-3bd3-4bf1-9560-ae8aad1315ce,Douglas Brown,Douglas,Brown,28,douglas.brown@example.com,9803 Pine Rd,Los Angeles,CA,77882,(361) 302-5371
8e5c2f29-44ce-4f60-b818-8b728f60b79b,Brendan Rodriguez,Brendan,Rodriguez,21,brendan.rodriguez@example.com,6328 Oak Dr,Philadelphia,PA,82191,(883) 710-8189
fd9f1577-416e-472f-aad7-7bd5c56293f5,Emily Dunlap,Emily,Dunlap,35,emily.dunlap@example.com,1915 Pine Rd,Philadelphia,PA,44115,(538) 211-7615
f459a5e8-b280-49fd-904a-3cd3746f4f16,Kristen Jacobs,Kristen,Jacobs,52,kristen.jacobs@example.com,1752 Oak Dr,Phoenix,AZ,76358,(857) 697-1684
9813cce1-ec92-4b06-b6e3-ed8a73e34436,Jill Reynolds,Jill,Reynolds,24,jill.reynolds@example.com,5702 Maple Ave,Phoenix,AZ,78175,(932) 532-7899
4d9a6ab4-f181-4f8c-9beb-e4cd9774b5d7,Wyatt Carter,Wyatt,Carter,50,wyatt.carter@sample.org,8020 Pine Rd,Phoenix,AZ,19660,(609) 857-6520
d6914b8f-0d72-4044-a61b-055adb02f005,Robert Allen,Robert,Allen,29,robert.allen@example.com,5818 Oak Dr,Philadelphia,PA,93060,(116) 301-2984
c9750567-c933-4797-9313-ec159ddcb6d2,Steven Huang,Steven,Huang,40,steven.huang@example.com,6976 Oak Dr,New York,NY,78099,(404) 239-8034
4232e434-92ef-4ff9-a069-d1e5312ebda2,Steven Carter,Steven,Carter,35,steven.carter@mail.com,4568 Maple Ave,Los Angeles,CA,31683,(728) 103-1295
06a161e4-302f-4ae9-b96b-2734ad33f946,Laura Taylor,Laura,Taylor,27,laura.taylor@mail.com,5164 Maple Ave,New York,NY,17417,(664) 219-8468
bf060a41-af0e-4932-b757-4f010ccf07f1,Malik Cain,Malik,Cain,34,malik.cain@mail.com,4051 Pine Rd,Dallas,TX,43250,(163) 861-8028
270b35bf-74ca-4601-91d8-16fe5196ca5a,Amanda Bates,Amanda,Bates,47,amanda.bates@example.com,8468 Maple Ave,Los Angeles,CA,41939,(237) 658-8854
0488eb84-da07-441d-ba11-055850946457,Cynthia Thomas,Cynthia,Thomas,22,cynthia.thomas@example.com,2796 Pine Rd,New York,NY,24918,(678) 713-6512
28c1b6d1-da1f-4187-98af-4e43f096b00d,Brian Estrada,Brian,Estrada,22,brian.estrada@example.com,9129 Main St,Philadelphia,PA,62039,(873) 211-9938
e52a8700-3ab9-4c47-8a16-e799e997a931,Jean Hansen,Jean,Hansen,34,jean.hansen@mail.com,3191 Pine Rd,San Antonio,TX,88839,(971) 482-9954
ba2bf5e1-4b63-4bb3-b83a-f10438f84258,Shawna Knox,Shawna,Knox,26,shawna.knox@example.com,9395 Oak Dr,Phoenix,AZ,33793,(278) 201-1993
2f771a5a-3d76-48e3-985b-b7e91e092c46,Ryan Rose,Ryan,Rose,64,ryan.rose@example.com,7270 Maple Ave,San Antonio,TX,81690,(519) 654-7556
c108b321-1696-4fbd-8457-87fd61ca65d8,Courtney Dunlap,Courtney,Dunlap,67,courtney.dunlap@example.com,2171 Pine Rd,New York,NY,50438,(544) 485-9694
49c4bc11-2495-438d-9b87-3c395574433f,Tony Murphy,Tony,Murphy,22,tony.murphy@mail.com,5791 Pine Rd,Phoenix,AZ,88030,(430) 160-1645
1bc088f8-fdf1-442f-9491-1287abc066d3,John Barton,John,Barton,44,john.barton@mail.com,9983 Pine Rd,Phoenix,AZ,31248,(720) 272-8415
495a6541-1c93-4076-90e3-345d72d9c83c,Jermaine Young,Jermaine,Young,51,jermaine.young@sample.org,9678 Main St,Los Angeles,CA,96036,(181) 923-7808
5b070f80-9227-43fd-951b-4c758d20070e,Trevor Pierce,Trevor,Pierce,61,trevor.pierce@mail.com,8059 Pine Rd,San Diego,CA,30882,(987) 845-6933
23fd6560-8719-45ae-a5f0-6d81f0484750,Samantha Holmes,Samantha,Holmes,51,samantha.holmes@mail.com,884 Pine Rd,New York,NY,48891,(621) 800-6056
bf03895d-6d44-49a2-8183-81c4e89eac75,Valerie Russo,Valerie,Russo,67,valerie.russo@mail.com,8508 Maple Ave,Chicago,IL,96182,(312) 782-2267
3eb1c53f-4af3-42d8-8608-40548ce4843d,Edward Young,Edward,Young,33,edward.young@example.com,5302 Maple Ave,Houston,TX,47571,(727) 321-1953
e6173937-b216-46db-b863-ec7526285150,Patricia Patterson MD,Patricia,Patterson MD,19,patricia.patterson md@sample.org,7775 Maple Ave,Chicago,IL,64716,(984) 845-3245
b43d4e7f-d2c2-4f0e-a706-cfd02d61a398,Duane Martin,Duane,Martin,41,duane.martin@mail.com,1381 Maple Ave,Phoenix,AZ,22394,(766) 164-1154
cbd53684-acf0-447d-b61b-35f8bcde6edf,Robert Marsh,Robert,Marsh,54,robert.marsh@sample.org,3540 Pine Rd,San Antonio,TX,30930,(716) 698-3619
314d5517-f29b-49b2-a076-3abe12756120,Jennifer Davis,Jennifer,Davis,43,jennifer.davis@mail.com,2167 Maple Ave,Dallas,TX,78151,(633) 253-5862
cd8175bc-ff34-4742-8b86-61ec290e632f,Stanley James,Stanley,James,64,stanley.james@sample.org,4436 Maple Ave,San Antonio,TX,91288,(981) 743-3483
93c6c6a9-16fb-43ad-bd64-1ee5eccdd750,Jacqueline Lewis,Jacqueline,Lewis,66,jacqueline.lewis@mail.com,3096 Main St,New York,NY,70997,(307) 456-6113
a46b9550-42ae-47e4-9a08-0f32481d5191,Michelle Velez,Michelle,Velez,65,michelle.velez@example.com,897 Main St,San Diego,CA,58683,(125) 622-6460
466ab61a-8180-4d06-90cc-2a380a0e6f0f,Alexis Gutierrez,Alexis,Gutierrez,60,alexis.gutierrez@mail.com,3189 Main St,Chicago,IL,22331,(474) 629-3760
f4c0d073-250c-455a-a84a-848e56ae7048,Melanie Riggs,Melanie,Riggs,41,melanie.riggs@sample.org,5945 Pine Rd,Philadelphia,PA,81029,(731) 422-6990
d10408ec-2013-471e-b6a9-e3bcf0e25322,Kristin Payne,Kristin,Payne,43,kristin.payne@sample.org,2947 Maple Ave,Phoenix,AZ,17974,(143) 651-2841
7767d63a-0293-4866-ae0a-724670463aa1,Cynthia Martinez,Cynthia,Martinez,50,cynthia.martinez@example.com,983 Oak Dr,Chicago,IL,33794,(863) 901-4055
e69b7e32-9292-400a-b228-b3ecc6727760,Benjamin Williams,Benjamin,Williams,58,benjamin.williams@mail.com,7881 Main St,Chicago,IL,35918,(134) 942-5891
19d5ac88-a8cd-46b8-9f3d-d5ef3a0adfe2,Scott Young,Scott,Young,57,scott.young@mail.com,7746 Main St,San Diego,CA,25326,(133) 394-2655
e215d555-cc18-4890-8969-89abf72d28ae,Audrey Marshall,Audrey,Marshall,52,audrey.marshall@mail.com,4071 Pine Rd,Phoenix,AZ,90987,(247) 558-9460
3cbc7f74-54e3-47c2-b02f-229f7ca60a5c,Amanda Young,Amanda,Young,34,amanda.young@example.com,6089 Main St,Los Angeles,CA,16822,(912) 789-4910
6d883826-0157-47c4-a6cc-cb8134bcc6db,Patrick White,Patrick,White,33,patrick.white@example.com,2648 Maple Ave,Philadelphia,PA,18484,(951) 220-3169
43df30db-068d-40fc-8576-7e2f6e62f2f6,Ellen Henderson,Ellen,Henderson,47,ellen.henderson@sample.org,3343 Maple Ave,Houston,TX,39539,(656) 151-4202
943fb486-16d5-4258-99e7-8340b1862e76,Adam Barrett,Adam,Barrett,31,adam.barrett@example.com,3186 Oak Dr,Dallas,TX,28549,(446) 777-9924
8dcd5fa7-1a1d-413e-9468-5f4b02f2f3fe,Nicholas Jones,Nicholas,Jones,61,nicholas.jones@mail.com,1405 Maple Ave,Chicago,IL,81208,(888) 333-3940
139f4019-998c-4c6f-8c4f-a97a756af68c,Zachary Turner,Zachary,Turner,38,zachary.turner@sample.org,6200 Pine Rd,Houston,TX,34370,(756) 402-7050
529867fe-75f6-4cd9-b913-543b3d6e583c,Michael Rodriguez,Michael,Rodriguez,60,michael.rodriguez@sample.org,3421 Oak Dr,Chicago,IL,94132,(361) 811-9448
8e312b31-712d-4fc0-84dd-27ff2b1dd09b,David Schroeder,David,Schroeder,32,david.schroeder@example.com,9576 Maple Ave,Philadelphia,PA,33698,(831) 322-7982
a4bf9059-6cd4-4e62-9a86-ff20975d7434,Jody Foster,Jody,Foster,31,jody.foster@sample.org,4947 Maple Ave,Philadelphia,PA,18217,(225) 196-9372
c5ee9489-e7ea-4da3-9a86-b34c76f6d340,Audrey Campbell,Audrey,Campbell,59,audrey.campbell@mail.com,6156 Oak Dr,New York,NY,46109,(804) 289-5758
5960ff74-c2aa-4a55-9cee-c8f0532e2256,Miguel Evans,Miguel,Evans,57,miguel.evans@sample.org,6513 Oak Dr,Los Angeles,CA,99513,(656) 815-5797
e100dd4b-6c96-4036-88a6-8813aa5a718f,Ricky Lawson,Ricky,Lawson,31,ricky.lawson@sample.org,1696 Main St,Houston,TX,75479,(406) 493-2880
d33f758e-ba0e-463c-ba18-0cd99108c547,Nicholas Meyer,Nicholas,Meyer,28,nicholas.meyer@example.com,8423 Oak Dr,San Diego,CA,89567,(956) 159-7218
97bbee89-2209-4d9a-9f20-d3327baf7efe,Paul Grant,Paul,Grant,67,paul.grant@sample.org,6950 Maple Ave,Phoenix,AZ,27555,(634) 598-6110
80617fda-335d-411d-aed3-ca3917a8cff2,Johnny Ward,Johnny,Ward,28,johnny.ward@sample.org,7768 Main St,San Diego,CA,48250,(852) 665-5139
4d97e8a1-7720-4190-b326-dccfa2ec4426,Daniel Wells,Daniel,Wells,30,daniel.wells@example.com,8549 Main St,Chicago,IL,98832,(106) 254-1026
9668fd00-799b-4cff-811f-a3e0528d255d,Cory Hansen,Cory,Hansen,39,cory.hansen@example.com,1320 Maple Ave,New York,NY,66574,(198) 793-6745
b745eacd-b8ee-4507-82ff-98d3c4daffc7,Elizabeth Cole,Elizabeth,Cole,53,elizabeth.cole@mail.com,6663 Maple Ave,Dallas,TX,90714,(821) 768-4739
1bcdbd0d-0e2f-4fdf-a8d5-214d3b49c7e2,Misty Robinson,Misty,Robinson,29,misty.robinson@example.com,2616 Main St,San Antonio,TX,65716,(736) 566-8384
1c3dc001-75eb-4fb9-b3ad-59a3be5b31ac,Charles Edwards,Charles,Edwards,50,charles.edwards@sample.org,7650 Oak Dr,Dallas,TX,46863,(222) 631-7765
afa83ff8-2b40-47b8-8bcf-1f9285c11695,Terry Welch,Terry,Welch,70,terry.welch@example.com,4839 Oak Dr,San Antonio,TX,66896,(954) 506-8919
61004774-fb70-403c-ae81-a1e9cd187146,Heidi Smith,Heidi,Smith,62,heidi.smith@sample.org,7894 Pine Rd,Dallas,TX,11879,(236) 146-3246
63b14504-d172-4e5e-b0fa-abd9cb43352e,Victoria Villarreal,Victoria,Villarreal,57,victoria.villarreal@mail.com,4504 Pine Rd,New York,NY,35393,(460) 746-3321
816f5acb-1a37-44ba-8ce8-25c40cec4d06,Jim Moon,Jim,Moon,31,jim.moon@sample.org,5140 Oak Dr,New York,NY,29314,(476) 401-1114
30380af9-7c90-4e56-9717-61064c5ca79c,Kimberly Evans,Kimberly,Evans,66,kimberly.evans@mail.com,9190 Oak Dr,Dallas,TX,70689,(883) 354-1431
5bc10fee-ced7-43f1-91e5-597bd89faff6,Annette Turner,Annette,Turner,19,annette.turner@example.com,7463 Oak Dr,Los Angeles,CA,46118,(434) 600-5616
922d63c5-873c-4693-9775-df99ba006ccd,Evan Williams,Evan,Williams,47,evan.williams@sample.org,2522 Maple Ave,Houston,TX,60441,(505) 930-8340
265cf9a7-b023-492e-9e62-3896325f1c48,Mr. Jonathan Taylor,Mr.,Jonathan Taylor,48,mr..jonathan taylor@example.com,4505 Main St,San Diego,CA,86962,(698) 654-1129
12c154ff-46ac-45a7-921c-2404994ecc21,Andrew Foster,Andrew,Foster,42,andrew.foster@example.com,9349 Maple Ave,San Diego,CA,60121,(510) 560-1355
89b94667-2d12-4e7a-bfdd-f37056d10195,David Alvarez,David,Alvarez,33,david.alvarez@mail.com,2314 Pine Rd,San Diego,CA,68057,(413) 195-7892
51d5c171-5764-4f95-8919-dd46d204df4b,Brian Lopez,Brian,Lopez,49,brian.lopez@sample.org,189 Main St,San Diego,CA,54561,(641) 347-1228
748db0ca-899a-4da8-8177-2fa1ec2a9302,Jeremiah Sandoval,Jeremiah,Sandoval,56,jeremiah.sandoval@mail.com,4216 Maple Ave,San Antonio,TX,64829,(577) 143-3454
cc6587b9-1ad1-4f99-bb8b-dc23f1621ea6,Francisco Meyer,Francisco,Meyer,49,francisco.meyer@mail.com,5302 Oak Dr,Houston,TX,65975,(182) 592-2299
12d19891-03e3-455b-b4f2-7d8f8f6b8f01,Michelle Conner,Michelle,Conner,18,michelle.conner@sample.org,6838 Maple Ave,San Antonio,TX,26305,(959) 506-7092
303bc5db-08d0-4431-b6df-29c80d0321da,Timothy Ferguson,Timothy,Ferguson,27,timothy.ferguson@example.com,3103 Oak Dr,San Diego,CA,75321,(909) 604-3779
485b6c22-4f0b-4e0f-bfba-0c9d38a0122d,Christopher Mitchell,Christopher,Mitchell,65,christopher.mitchell@sample.org,4292 Oak Dr,San Antonio,TX,26289,(497) 929-1358
3e5dc535-3e67-47d0-8eed-547c7f51e8c9,Lindsay Noble,Lindsay,Noble,37,lindsay.noble@sample.org,4237 Oak Dr,New York,NY,68203,(179) 342-4948
21e6a119-3caa-43ab-9905-08bda65f8493,Jeffrey Brandt,Jeffrey,Brandt,43,jeffrey.brandt@example.com,6032 Main St,Phoenix,AZ,40132,(861) 968-7392
7e2a9b35-5e70-4df4-889c-34732fd2ee32,Brandy Dean,Brandy,Dean,37,brandy.dean@sample.org,5640 Pine Rd,Houston,TX,10572,(215) 926-5173
a59ab98c-fe50-412b-aa83-a693a561092f,Mrs. Denise Allen,Mrs.,Denise Allen,46,mrs..denise allen@sample.org,2911 Main St,San Antonio,TX,60107,(590) 726-1224
ef097aa6-f4d9-4c16-bc17-a7cc87116f35,Richard Jones,Richard,Jones,45,richard.jones@sample.org,8616 Oak Dr,Chicago,IL,40853,(827) 632-1596
1d94038e-346e-4263-a10f-7fa4e5d1179e,Mary Mills,Mary,Mills,62,mary.mills@example.com,8259 Pine Rd,Dallas,TX,57992,(693) 208-3861
4da311cb-8e0d-487a-8fdd-4a94529db3e4,Lucas Fields,Lucas,Fields,54,lucas.fields@example.com,6847 Pine Rd,Phoenix,AZ,92988,(322) 133-8346
1922f6f3-ba06-4233-8d88-c1a9303a6a2a,Theresa Pennington,Theresa,Pennington,47,theresa.pennington@mail.com,9605 Maple Ave,Philadelphia,PA,30013,(348) 300-9312
87fc5559-9d20-4780-8c0e-b7c248cd6236,Michelle Mendoza,Michelle,Mendoza,66,michelle.mendoza@mail.com,2392 Pine Rd,San Antonio,TX,46444,(334) 901-4414
3ad60b3b-8b4b-4504-9d49-adfd74fe548c,Kimberly Butler,Kimberly,Butler,23,kimberly.butler@example.com,9272 Oak Dr,Dallas,TX,74956,(526) 599-6046
d63f06df-5e5d-4adc-b0a5-43b4bac6bf5c,Patricia Webb,Patricia,Webb,34,patricia.webb@example.com,3375 Pine Rd,San Antonio,TX,62278,(189) 650-7686
b0fb926f-1c66-426d-b796-e9d801b13122,Mindy Wagner,Mindy,Wagner,23,mindy.wagner@example.com,7176 Main St,Dallas,TX,82635,(935) 451-7386
f639b5da-4c4d-46ef-8ffe-75cca075bc23,Kimberly Jones,Kimberly,Jones,66,kimberly.jones@mail.com,8092 Maple Ave,Dallas,TX,23573,(889) 829-6891
1acd402c-8758-4f7a-9a24-57636d44ede6,David Garza,David,Garza,42,david.garza@sample.org,5785 Pine Rd,Philadelphia,PA,63477,(868) 243-7370
d6ca14b1-9b55-47f7-be97-787002ca26e5,Robin Reed,Robin,Reed,59,robin.reed@example.com,8424 Oak Dr,Dallas,TX,44802,(635) 992-1263
0313557a-f7d4-4834-be26-3977f30a5235,Faith Duncan,Faith,Duncan,54,faith.duncan@example.com,5213 Maple Ave,San Antonio,TX,83395,(412) 418-6166
14dec3ce-7570-4c3f-af8c-e9c0d74cfcd2,Katie Keller,Katie,Keller,55,katie.keller@sample.org,1279 Main St,Houston,TX,35848,(409) 358-8759
c630fcf6-11c8-465f-9498-0839aee67e55,Ryan Wallace,Ryan,Wallace,66,ryan.wallace@mail.com,4709 Main St,Chicago,IL,86155,(650) 136-2646
d1c356c7-a230-4e49-abb6-3eb1f58155cd,Gregory Glenn,Gregory,Glenn,59,gregory.glenn@sample.org,8485 Maple Ave,Philadelphia,PA,77225,(160) 466-9617
993cbf30-efef-49e5-b5ad-7aaf3db149a3,Andrea Jackson,Andrea,Jackson,20,andrea.jackson@example.com,640 Maple Ave,Dallas,TX,33472,(241) 886-5353
1b25718d-795f-4b30-a424-50167ae8c0ad,Nathan Cox,Nathan,Cox,60,nathan.cox@example.com,4735 Maple Ave,Dallas,TX,48204,(483) 403-1155
d3adc9f1-fd4e-45ad-9d75-0919a6617f7a,Diana Robinson,Diana,Robinson,26,diana.robinson@mail.com,7762 Maple Ave,Philadelphia,PA,11171,(118) 637-7518
4955904c-175f-43ec-b76a-bc70d836d508,Wendy Tapia,Wendy,Tapia,59,wendy.tapia@example.com,7302 Main St,New York,NY,65785,(717) 789-8677
d4d6e685-70a2-49ea-b511-383a54d18cfa,Mrs. Stephanie Riley,Mrs.,Stephanie Riley,63,mrs..stephanie riley@example.com,6626 Oak Dr,New York,NY,31179,(755) 211-3145
1a1fa253-a2de-457a-9397-7c6c80d5d589,Corey Francis,Corey,Francis,31,corey.francis@sample.org,2388 Pine Rd,Phoenix,AZ,80195,(366) 854-3615
1380e029-b899-4413-a8da-0741720a6a06,Kelly Kelly,Kelly,Kelly,50,kelly.kelly@mail.com,1901 Oak Dr,Phoenix,AZ,35895,(670) 968-7577
b169789c-d0e8-4853-819c-555646263d18,Stacy Ferguson,Stacy,Ferguson,50,stacy.ferguson@mail.com,7150 Main St,Phoenix,AZ,30306,(169) 865-8748
f4835f98-d82c-487c-8788-26a05c249db0,Jose Cook,Jose,Cook,63,jose.cook@sample.org,177 Maple Ave,San Antonio,TX,67302,(309) 992-7157
d4d6c47d-5048-4008-b088-4f13691fbefd,Mr. Christopher Price,Mr.,Christopher Price,23,mr..christopher price@example.com,198 Pine Rd,Chicago,IL,65204,(236) 810-9996
c712217e-16e5-4f51-a9f4-055b5176e747,Donna Crawford,Donna,Crawford,22,donna.crawford@example.com,7796 Maple Ave,Houston,TX,15996,(483) 148-1474
73d9c423-e9d4-428f-bfaa-b073b2c1f454,Tiffany Logan,Tiffany,Logan,20,tiffany.logan@mail.com,876 Oak Dr,New York,NY,23152,(299) 830-2966
af3dbfea-4df6-42c8-9826-57806904f81c,Leah Miller,Leah,Miller,55,leah.miller@sample.org,5112 Oak Dr,Los Angeles,CA,14601,(157) 213-4707
41c59ae8-bcd0-4d00-b8e9-bfaa0ce5913b,Melissa Pearson,Melissa,Pearson,59,melissa.pearson@sample.org,7000 Pine Rd,San Antonio,TX,83306,(308) 570-7761
08ed887d-1b8b-4850-a0ef-45b78a04e4d7,Lisa Brown,Lisa,Brown,53,lisa.brown@example.com,9237 Maple Ave,Dallas,TX,44715,(822) 735-7705
6e4bc86a-7c8c-457f-bc7a-61c6187a18f4,Jennifer Manning,Jennifer,Manning,58,jennifer.manning@mail.com,4204 Maple Ave,Phoenix,AZ,68959,(980) 292-3374
3c4b0324-423a-4e3b-884c-c93438a59688,Roger Campbell,Roger,Campbell,45,roger.campbell@example.com,8053 Oak Dr,San Diego,CA,29897,(925) 815-8918
58e0c4db-27d0-4c06-9252-c40364b1ae74,Natasha Thompson,Natasha,Thompson,52,natasha.thompson@mail.com,2527 Oak Dr,Philadelphia,PA,11963,(432) 924-4395
d7615aca-6de3-4a17-8fd0-212330ca9c28,Susan Humphrey,Susan,Humphrey,53,susan.humphrey@example.com,7227 Pine Rd,Los Angeles,CA,20004,(317) 729-9515
65dbcba7-fbb7-4837-ace0-5cd3cc5dd4a4,Kyle Saunders,Kyle,Saunders,53,kyle.saunders@mail.com,8756 Oak Dr,Dallas,TX,27734,(386) 541-2858
e60ba363-7c8f-4fba-8c98-2d4952e8fbc5,James Graham,James,Graham,41,james.graham@sample.org,6373 Main St,Los Angeles,CA,59989,(780) 433-5110
e83c866a-6830-4488-8842-ce77146d8d41,Jessica Duke,Jessica,Duke,29,jessica.duke@mail.com,1209 Pine Rd,San Antonio,TX,32611,(279) 824-4667
090fb913-1317-4169-b150-64e304451d38,Devin Cabrera,Devin,Cabrera,55,devin.cabrera@example.com,3217 Maple Ave,Dallas,TX,15089,(925) 681-3432
22dc524c-5b2b-4982-a2a7-2a5f5a5b9ca5,Nicholas Mason,Nicholas,Mason,36,nicholas.mason@mail.com,3728 Oak Dr,New York,NY,17408,(791) 521-6988
103fcba9-e7d7-4b76-b162-0fc8a31cfa6b,Christine Morrison,Christine,Morrison,30,christine.morrison@example.com,8343 Maple Ave,Dallas,TX,17179,(993) 187-1990
a0a83e46-f548-4a18-a79a-5ecdd85b6c8e,Patrick Holloway,Patrick,Holloway,46,patrick.holloway@sample.org,7621 Main St,Houston,TX,27474,(745) 388-7160
f8b1caa2-10e7-4302-963a-252a15b4a714,Tony Lewis,Tony,Lewis,38,tony.lewis@mail.com,4908 Oak Dr,Philadelphia,PA,60022,(857) 729-3976
3a1577eb-7860-498f-936a-da13e16cbd8c,Brandy Joseph,Brandy,Joseph,54,brandy.joseph@sample.org,4151 Main St,Phoenix,AZ,21425,(281) 629-1731
c8544096-3228-4db0-b3de-4f0da1974b40,Dwayne Gilbert,Dwayne,Gilbert,62,dwayne.gilbert@sample.org,6023 Maple Ave,Philadelphia,PA,94505,(565) 517-4161
2e2960d6-f2e9-4048-b234-fb21f0f72405,Steven Hall,Steven,Hall,62,steven.hall@example.com,6043 Maple Ave,Chicago,IL,53111,(514) 226-9310
cf5dd5d1-b2dc-47d4-9be1-b6c0e5b07a12,Casey Miller,Casey,Miller,55,casey.miller@mail.com,2260 Pine Rd,New York,NY,63314,(333) 348-4321
acb70464-ce97-4c94-a4bf-b165bd1b2fed,Kimberly Johnson,Kimberly,Johnson,47,kimberly.johnson@example.com,3196 Oak Dr,Phoenix,AZ,91416,(584) 572-9483
96aa3e1c-ce39-4f76-b813-c9b4d59c0cdc,Sarah Smith,Sarah,Smith,31,sarah.smith@example.com,6043 Pine Rd,Dallas,TX,76395,(560) 501-3160
5b6d3273-0554-4f9d-bc05-2157626c1ad0,Victoria Parker,Victoria,Parker,60,victoria.parker@sample.org,1896 Maple Ave,Los Angeles,CA,34782,(354) 850-3179
94638355-4830-4837-8708-12531dc89dbf,Glenn Galvan,Glenn,Galvan,36,glenn.galvan@mail.com,1702 Oak Dr,New York,NY,33446,(616) 445-9698
bb9bad76-c7ec-4f36-842c-54c3bbb40467,Katherine Spencer,Katherine,Spencer,34,katherine.spencer@mail.com,418 Main St,Los Angeles,CA,32745,(223) 449-4107
54c7fff7-8475-4ccd-a380-7e8187501723,Alejandro Adams,Alejandro,Adams,61,alejandro.adams@sample.org,6545 Maple Ave,Phoenix,AZ,69359,(515) 813-4325
b3f95dcd-caf0-4d0c-8890-a7b8e231c6b7,Michael Porter,Michael,Porter,33,michael.porter@sample.org,8528 Main St,Dallas,TX,53968,(677) 298-4879
2347081e-7ae5-4085-a0d6-d1f551721f69,Henry Strickland,Henry,Strickland,58,henry.strickland@sample.org,1302 Oak Dr,San Diego,CA,75208,(730) 771-4840
6da78127-2929-4106-a298-2b58afca0a92,Anthony Dunn,Anthony,Dunn,40,anthony.dunn@mail.com,1575 Pine Rd,Houston,TX,71804,(794) 147-5634
787f43ea-3f2a-4f90-967d-6479bad4f1a9,Justin Miller,Justin,Miller,67,justin.miller@example.com,4530 Pine Rd,Dallas,TX,17813,(201) 434-3305
dcddb844-390f-4861-a4ee-0a32b75bb218,Vanessa Jones,Vanessa,Jones,21,vanessa.jones@mail.com,5493 Pine Rd,Dallas,TX,48405,(865) 544-5541
6deb3adf-b348-4736-a975-af07bea72c06,Brenda Daniel,Brenda,Daniel,39,brenda.daniel@mail.com,4185 Oak Dr,Houston,TX,54619,(438) 384-9356
44df0dc9-35a6-4159-8141-4a8bf47c0e2b,Chelsea Schultz,Chelsea,Schultz,55,chelsea.schultz@sample.org,9967 Pine Rd,Phoenix,AZ,25091,(988) 311-2373
c2457423-d813-4e9b-8cac-e77de71eef5d,Douglas Vasquez,Douglas,Vasquez,43,douglas.vasquez@example.com,1951 Maple Ave,New York,NY,33587,(309) 965-2594
b7428f06-b3dd-477e-8569-96068f3d3dcb,Shari Mills,Shari,Mills,19,shari.mills@sample.org,7169 Pine Rd,Chicago,IL,32192,(483) 966-8997
6f2f044e-7270-4c80-8003-fd28bb66c57c,Emily Liu,Emily,Liu,25,emily.liu@sample.org,6643 Main St,Houston,TX,23062,(477) 806-3436
0c621caa-4854-43bb-ab8f-74e1f79ba3e4,Michelle Barton,Michelle,Barton,40,michelle.barton@sample.org,4381 Main St,San Antonio,TX,38015,(701) 768-8660
3cec8c73-424f-46c6-a5a7-cb5cd5141538,Sean Barnes,Sean,Barnes,40,sean.barnes@sample.org,3130 Maple Ave,Phoenix,AZ,16904,(914) 753-7737
866ec748-2021-45f8-9170-6c393fca1e65,Carol Vasquez,Carol,Vasquez,58,carol.vasquez@example.com,2770 Maple Ave,Houston,TX,31921,(812) 514-9983
3dc87d1c-7942-471e-b947-26b7ec78cedb,Traci Hicks,Traci,Hicks,37,traci.hicks@mail.com,4733 Main St,Dallas,TX,54614,(825) 390-2496
a31129ac-6e82-4a23-86f3-3d708e019069,Larry Roberts,Larry,Roberts,33,larry.roberts@mail.com,4803 Maple Ave,Houston,TX,34943,(926) 962-1819
122af8ba-58aa-4655-b297-e90d616f0bf6,Kyle Hart,Kyle,Hart,34,kyle.hart@sample.org,3317 Pine Rd,Philadelphia,PA,95387,(788) 132-3182
859fee02-f1ae-4067-a05f-d5db7dbbb2d4,Aaron Smith,Aaron,Smith,62,aaron.smith@mail.com,2556 Main St,San Antonio,TX,34103,(314) 326-5737
0c7084bc-19a5-4ad6-bb26-a25f9c09b324,Dustin Andrade,Dustin,Andrade,58,dustin.andrade@sample.org,7926 Main St,Philadelphia,PA,42958,(175) 453-3484
284f711a-5e5a-4929-bb5d-5ddba9a4a773,Christopher Cain,Christopher,Cain,41,christopher.cain@example.com,5908 Oak Dr,San Antonio,TX,56665,(695) 281-8789
d50199e3-7c9b-4921-9920-d234b5fc561a,Dominique Reed,Dominique,Reed,18,dominique.reed@mail.com,5645 Oak Dr,Los Angeles,CA,77572,(467) 445-7991
1ed31084-8b68-49ca-91d6-7162d8521c02,Sherri Hernandez,Sherri,Hernandez,38,sherri.hernandez@example.com,185 Main St,Dallas,TX,95702,(501) 221-3717
8e91d584-8798-4b43-a077-64b5334460b3,Matthew Zuniga,Matthew,Zuniga,51,matthew.zuniga@mail.com,156 Oak Dr,San Antonio,TX,37918,(337) 200-4097
19296d35-a0df-426f-88ed-d3f5323adb8a,Richard Lawrence,Richard,Lawrence,44,richard.lawrence@sample.org,2867 Oak Dr,Los Angeles,CA,25686,(981) 409-5970
073c6c4c-9988-45b0-9224-7ad4e69d8c6f,David Perry,David,Perry,26,david.perry@sample.org,8400 Main St,San Diego,CA,72610,(359) 733-2369
8416975a-1321-43a3-b3e1-577aee3b59ae,Brandon Espinoza,Brandon,Espinoza,26,brandon.espinoza@sample.org,757 Maple Ave,Philadelphia,PA,30597,(417) 218-8148
c37c5233-7b26-4427-8ed9-ce36cc9ceb00,Karen Oliver,Karen,Oliver,23,karen.oliver@example.com,7308 Maple Ave,Philadelphia,PA,44759,(627) 530-8294
6939d1d2-fba3-4888-8c53-6898bb73c26f,Theresa Williams,Theresa,Williams,59,theresa.williams@mail.com,4792 Oak Dr,San Diego,CA,11269,(195) 907-6454
4feef355-aeb7-41f9-a391-7f991eeb7b15,Kathleen Hudson,Kathleen,Hudson,27,kathleen.hudson@example.com,5453 Pine Rd,Philadelphia,PA,41264,(197) 639-9812
b60e68c2-1b3c-4a8b-a056-a39fb4e6a320,John Dunn,John,Dunn,53,john.dunn@example.com,6591 Maple Ave,New York,NY,43589,(919) 255-3824
e58c63e7-69a9-49cb-947e-5841010ca567,Brandy Harrington,Brandy,Harrington,39,brandy.harrington@mail.com,7741 Pine Rd,Phoenix,AZ,74398,(946) 925-2682
aac35f19-8d02-4c6c-b979-74da55c9ddb1,Fred Gibson,Fred,Gibson,39,fred.gibson@sample.org,897 Maple Ave,Dallas,TX,43643,(714) 349-2785
58ebbf6d-7eee-4180-aa0d-151621abffcf,William Rodriguez,William,Rodriguez,50,william.rodriguez@example.com,5593 Pine Rd,New York,NY,49306,(460) 648-7597
a30edde1-4a46-4acb-905c-013e285a8101,Pamela Rosales,Pamela,Rosales,56,pamela.rosales@mail.com,529 Pine Rd,New York,NY,54504,(729) 698-8991
57476af2-aff3-4f50-9313-77926b1859bc,Shannon Yoder,Shannon,Yoder,58,shannon.yoder@example.com,4470 Pine Rd,New York,NY,32988,(444) 976-9500
eefcf9f0-dbd0-4907-a619-121deeb825dc,Cheryl Jenkins,Cheryl,Jenkins,18,cheryl.jenkins@example.com,7791 Pine Rd,Philadelphia,PA,94744,(599) 984-8770
388a03fa-6bff-4153-afbb-2349b43c876e,Gregory Good,Gregory,Good,65,gregory.good@example.com,8620 Oak Dr,San Diego,CA,88088,(673) 867-4031
f772193d-0b52-429c-ac06-5e9986fefa68,Kimberly Cherry,Kimberly,Cherry,52,kimberly.cherry@mail.com,7980 Oak Dr,San Antonio,TX,92741,(148) 289-2521
33f27548-d085-481a-aa4f-a851fbebe0cd,Diana Rogers,Diana,Rogers,63,diana.rogers@mail.com,3755 Oak Dr,San Antonio,TX,98808,(476) 805-8936
631f0e93-e48f-414d-b220-0c466b7fc584,Sarah Porter,Sarah,Porter,24,sarah.porter@sample.org,7345 Oak Dr,San Diego,CA,62205,(123) 103-7227
bbffd265-99c5-491d-a03e-fee1fec9e123,Pamela Davis,Pamela,Davis,48,pamela.davis@mail.com,1055 Maple Ave,New York,NY,48290,(840) 165-1796
a3f993fd-aeaa-43c7-9e5c-9ad7b7c0f8d9,Hannah Davis,Hannah,Davis,56,hannah.davis@example.com,4224 Main St,Dallas,TX,56801,(283) 649-3024
3d0fd916-f8d9-4f59-9d2f-75d16ed75c58,Lisa Mason,Lisa,Mason,25,lisa.mason@example.com,5446 Oak Dr,New York,NY,28512,(871) 990-6932
66975479-1eec-445e-a34d-78b59cc44f64,Michelle Olson,Michelle,Olson,53,michelle.olson@sample.org,3294 Oak Dr,San Diego,CA,52938,(284) 985-8512
a4c57aeb-c65a-4a1c-954e-acc7a7ba7c74,Karla Vang,Karla,Vang,33,karla.vang@example.com,8387 Pine Rd,San Diego,CA,84723,(319) 218-2712
26ce484a-a527-4fe1-903f-2809a03fd21a,Margaret Roberts,Margaret,Roberts,48,margaret.roberts@example.com,7360 Maple Ave,Houston,TX,40505,(911) 660-2984
f6489f0b-4a7a-4dd2-97d4-d0008f662858,Robert Cortez,Robert,Cortez,63,robert.cortez@sample.org,3743 Oak Dr,Houston,TX,21575,(419) 366-2389
1a1e8918-e445-4bc0-8fa1-5a470711d51d,Brandon Lopez,Brandon,Lopez,38,brandon.lopez@mail.com,4874 Pine Rd,Dallas,TX,40352,(325) 728-3778
01a03f19-633a-4474-990e-57e75b98e60b,Stephanie Watkins,Stephanie,Watkins,37,stephanie.watkins@example.com,9928 Main St,Philadelphia,PA,65743,(555) 800-1614
c401aa52-5d86-4872-a6fc-75f431023457,Vanessa Serrano,Vanessa,Serrano,43,vanessa.serrano@sample.org,1022 Oak Dr,Phoenix,AZ,96292,(664) 548-2363
cf2dbf35-0461-492d-81bd-a783c553409a,Karen Reynolds,Karen,Reynolds,28,karen.reynolds@mail.com,6080 Maple Ave,Phoenix,AZ,16561,(589) 480-7590
8699b9d8-d299-411d-82bc-9ee94abdf576,Shawn Rogers,Shawn,Rogers,54,shawn.rogers@sample.org,7624 Pine Rd,Houston,TX,52675,(269) 465-3590
ed46daf6-4c46-4af8-a80d-c0cf0b307966,Seth Atkinson,Seth,Atkinson,26,seth.atkinson@example.com,6362 Oak Dr,New York,NY,81771,(240) 238-6568
298ca377-a08e-4e0d-91d6-b0b5aff14c1b,Benjamin Adkins,Benjamin,Adkins,52,benjamin.adkins@example.com,7959 Pine Rd,Los Angeles,CA,71301,(471) 174-3779
333d41f0-5f4d-48cb-b3bd-042814f9b7f8,Kristina Snow,Kristina,Snow,51,kristina.snow@example.com,4429 Pine Rd,Houston,TX,42494,(363) 593-9649
0d78df79-b2dc-4cea-b7a0-712c91c0433d,John Fischer,John,Fischer,26,john.fischer@sample.org,5996 Oak Dr,New York,NY,86159,(824) 840-3929
26ef1453-7eb5-4f13-9c8c-22a3f738d060,Matthew Williams,Matthew,Williams,50,matthew.williams@example.com,3569 Main St,San Diego,CA,35954,(385) 586-9238
62b38185-a937-473c-b04e-833be36219e6,Scott Ray,Scott,Ray,31,scott.ray@sample.org,9329 Oak Dr,Philadelphia,PA,22285,(481) 178-2476
701ab460-123c-42eb-bae0-fbe7a111ebd7,Natasha Carter,Natasha,Carter,24,natasha.carter@sample.org,8500 Maple Ave,Chicago,IL,58466,(447) 598-5113
6a9699dc-eba5-4045-9b96-91504f0cfe77,Rhonda Ward,Rhonda,Ward,26,rhonda.ward@mail.com,4325 Oak Dr,Philadelphia,PA,57854,(225) 429-6144
3218db6b-84e5-453d-8de9-a966eecbacc6,James Brennan,James,Brennan,68,james.brennan@sample.org,1186 Main St,Los Angeles,CA,69307,(174) 411-7479
cf1ff13a-ac47-45d6-92eb-1583ead19df6,David Edwards,David,Edwards,33,david.edwards@example.com,3826 Oak Dr,Philadelphia,PA,81698,(231) 792-3920
0ea8c796-5c53-421e-9442-830bc190960b,Jill Johnson,Jill,Johnson,42,jill.johnson@sample.org,9416 Main St,Houston,TX,33941,(663) 975-9944
6a7675ef-2c9d-4e2d-80c0-b5f38fffb6ea,Erika Mccarthy,Erika,Mccarthy,25,erika.mccarthy@sample.org,5995 Maple Ave,Houston,TX,92343,(139) 504-7007
4126c950-a88a-4305-895c-96d7e076897e,Pamela Harris,Pamela,Harris,21,pamela.harris@example.com,4575 Pine Rd,Chicago,IL,18013,(189) 603-6048
8e5821f5-d035-421b-a56a-6ed02c100432,Dillon Jennings,Dillon,Jennings,27,dillon.jennings@mail.com,1199 Main St,Philadelphia,PA,54707,(285) 622-1432
d7290d30-60da-438f-a6f7-99a66828a1ba,Alexandra Cain,Alexandra,Cain,47,alexandra.cain@mail.com,7956 Main St,Dallas,TX,29679,(805) 267-8150
3eaef1e6-c145-417b-875b-96a83a8a8dc8,Omar Reeves,Omar,Reeves,66,omar.reeves@mail.com,526 Oak Dr,Phoenix,AZ,39843,(740) 888-4669
187d49e0-634f-4e10-a10c-3b0be7408be0,Brett Allen,Brett,Allen,23,brett.allen@mail.com,4121 Maple Ave,San Diego,CA,97038,(679) 779-3948
36654075-c818-484d-aa9f-b6e8834b1bd5,Blake Matthews,Blake,Matthews,53,blake.matthews@sample.org,7366 Maple Ave,Philadelphia,PA,89332,(319) 180-1550
7160f724-2528-4ac3-ba79-b6e99e6b8a01,Brian Velasquez,Brian,Velasquez,61,brian.velasquez@sample.org,6095 Main St,Phoenix,AZ,26155,(196) 877-1228
1f2b91fc-75c1-4628-aec0-5cbebc88f0bf,Jason Garrison,Jason,Garrison,50,jason.garrison@example.com,7587 Maple Ave,Phoenix,AZ,43391,(209) 495-7817
63af441d-70c7-4c4e-b495-80b967849285,James Robertson,James,Robertson,64,james.robertson@mail.com,4943 Main St,Philadelphia,PA,15159,(777) 101-8882
eb16c915-257c-4e0d-8f75-ef88a49065b6,Edward Carrillo,Edward,Carrillo,68,edward.carrillo@sample.org,1387 Oak Dr,Phoenix,AZ,38913,(478) 489-6122
9e22e2d2-ef3f-4b75-8aa0-f3ae453183e1,Tracie Martinez,Tracie,Martinez,34,tracie.martinez@mail.com,9016 Maple Ave,San Diego,CA,37383,(189) 797-2281
05f69a50-2703-4591-a792-14e2e5994b43,Matthew Carrillo,Matthew,Carrillo,44,matthew.carrillo@example.com,2961 Maple Ave,Phoenix,AZ,22360,(668) 128-5421
31d39d83-97c5-4a86-8d98-c9ea5e4d6505,Paul Barnes,Paul,Barnes,49,paul.barnes@sample.org,6696 Oak Dr,Dallas,TX,65308,(544) 291-8698
a2ae6f2d-02bc-447f-9852-0d197780e7d4,Scott Jackson,Scott,Jackson,25,scott.jackson@example.com,525 Pine Rd,Los Angeles,CA,47566,(546) 925-7125
672a02fc-236c-4c57-9ef9-218b783ce0e3,Michelle Barnett,Michelle,Barnett,66,michelle.barnett@sample.org,5251 Oak Dr,Houston,TX,99466,(449) 137-8593
c9d0d7ff-0b5c-4b60-ac5e-0389909cf62a,Mark Smith,Mark,Smith,54,mark.smith@example.com,7182 Oak Dr,Chicago,IL,27063,(628) 303-8199
caa8f40a-63c6-4789-87ad-05b99d694a15,Ryan Mclaughlin,Ryan,Mclaughlin,39,ryan.mclaughlin@mail.com,1115 Pine Rd,Los Angeles,CA,77580,(602) 666-3423
a2053515-1d0d-41cb-a47d-485aed398e8b,Richard Hayes,Richard,Hayes,46,richard.hayes@mail.com,1793 Maple Ave,New York,NY,30806,(600) 421-2123
85e030d5-7bbc-494b-baab-665c95549265,Sharon Smith,Sharon,Smith,36,sharon.smith@mail.com,2222 Oak Dr,Los Angeles,CA,36019,(606) 100-9069
e4adb740-2faa-44fc-bc18-4aa698032414,Samuel Stout,Samuel,Stout,57,samuel.stout@example.com,3255 Oak Dr,Houston,TX,88468,(814) 796-2839
8678daa5-37e5-4e54-8c81-551df8fb8c0a,Miguel Palmer,Miguel,Palmer,58,miguel.palmer@mail.com,7553 Main St,San Antonio,TX,25925,(296) 895-5372
4fc0f100-7ad9-49a8-9620-f0e3a0e42a80,James Grant,James,Grant,29,james.grant@mail.com,3644 Pine Rd,New York,NY,98051,(405) 794-4057
6a49a618-20de-4b7a-af94-1b4afeb9a85e,Michelle Wiggins,Michelle,Wiggins,55,michelle.wiggins@mail.com,4829 Oak Dr,Chicago,IL,61661,(805) 433-5359
d77ac8a9-6445-4f65-9a77-b0fb3abe853d,Ashley Porter,Ashley,Porter,19,ashley.porter@sample.org,5768 Maple Ave,Los Angeles,CA,35081,(707) 561-7071
27e89b40-f32c-4604-8a79-6d1613bde382,Kathy Thomas,Kathy,Thomas,38,kathy.thomas@mail.com,5021 Oak Dr,San Diego,CA,87983,(804) 960-7291
fc41d86f-78f3-476a-882c-3eafc02d61f2,Michelle Roberts,Michelle,Roberts,70,michelle.roberts@example.com,3810 Main St,Chicago,IL,18234,(908) 955-7802
d0299f60-146d-4716-bc55-eb830a04779e,Rachel Graham,Rachel,Graham,47,rachel.graham@mail.com,9304 Main St,Dallas,TX,96388,(155) 582-9174
3b5801eb-5e85-44e1-abb0-6e1879e5e0ac,Michelle Herring,Michelle,Herring,44,michelle.herring@mail.com,7813 Oak Dr,San Diego,CA,30515,(713) 530-9183
63b6d2f8-4e38-4b4c-bf67-6651399b4453,John Gilbert,John,Gilbert,68,john.gilbert@sample.org,2908 Maple Ave,Phoenix,AZ,95923,(851) 836-5602
d47fa6a3-60cc-4d46-8dc2-9b3fd5e43153,Gary Kirk,Gary,Kirk,21,gary.kirk@example.com,8756 Oak Dr,Houston,TX,36941,(306) 832-4723
aeea9d66-6c0a-4d7b-95ee-d3d25c66a5ac,Michael Gallegos,Michael,Gallegos,36,michael.gallegos@sample.org,7739 Main St,San Antonio,TX,61363,(744) 928-1897
a3d91be1-b5d9-4d3c-bdd8-ab49cd378f30,Megan Forbes,Megan,Forbes,35,megan.forbes@sample.org,609 Pine Rd,Phoenix,AZ,80600,(312) 762-2524
8020c8de-2e83-4aae-8bd6-638db33f0978,Sandra Duncan,Sandra,Duncan,46,sandra.duncan@mail.com,7807 Maple Ave,Phoenix,AZ,38748,(594) 101-6609
f3abecde-d032-4605-876c-6373a9a9e65b,Carrie Wilson,Carrie,Wilson,48,carrie.wilson@example.com,3430 Pine Rd,Phoenix,AZ,20025,(204) 167-3318
35292459-521c-4d3a-a786-3b68116663fc,Michael Ball,Michael,Ball,36,michael.ball@sample.org,2080 Oak Dr,Dallas,TX,96254,(871) 269-7374
b998f134-9c6e-4e5b-9a37-d0d9dbc72f85,Brian Church,Brian,Church,64,brian.church@sample.org,6517 Oak Dr,San Antonio,TX,72030,(856) 503-3610
dccd3e5d-2076-4fc6-aa79-87579e134ce1,Jimmy Bridges,Jimmy,Bridges,36,jimmy.bridges@mail.com,8875 Main St,San Diego,CA,28491,(876) 477-1088
0abcb3b4-7e1c-4638-a21c-af1df3702f27,Brandy Mcdonald,Brandy,Mcdonald,67,brandy.mcdonald@mail.com,7796 Maple Ave,New York,NY,69186,(363) 427-1961
2ef2eede-fcc3-4c79-a843-4f5ae828d591,Mary Vargas,Mary,Vargas,25,mary.vargas@mail.com,9594 Oak Dr,Phoenix,AZ,39567,(447) 751-3117
1c4373e3-238c-46b7-83f5-6cf757228aba,Sara Potter,Sara,Potter,68,sara.potter@sample.org,5315 Main St,Philadelphia,PA,22909,(404) 399-4626
b761dca2-f8ff-4709-b645-9b0591dfa353,Beverly Parker,Beverly,Parker,32,beverly.parker@mail.com,6805 Pine Rd,San Diego,CA,59883,(388) 303-7921
98c7adf1-31bc-45c1-85fb-dbf53b4a53e2,Timothy Navarro,Timothy,Navarro,70,timothy.navarro@mail.com,2179 Oak Dr,Dallas,TX,12525,(680) 593-8208
6bb94756-3d64-40f4-9ecb-bc26ede41625,John Blackburn,John,Blackburn,57,john.blackburn@sample.org,6079 Oak Dr,Phoenix,AZ,52756,(440) 425-7504
efb0203d-c970-47ec-8644-2090a658224b,Carl Dorsey,Carl,Dorsey,36,carl.dorsey@sample.org,1904 Main St,Chicago,IL,75370,(978) 997-2082
6fcd3399-b9d5-4ab0-9d50-385be83fec9c,Matthew Walker,Matthew,Walker,70,matthew.walker@example.com,7864 Oak Dr,Phoenix,AZ,81283,(208) 598-8068
7e7c62c1-b8a8-4e9a-ab94-81a82d76e3e5,Christopher Brown,Christopher,Brown,59,christopher.brown@mail.com,5801 Maple Ave,San Diego,CA,26013,(865) 380-5192
bf32ccad-096c-457c-9147-6f220d46e227,Kenneth Lynch,Kenneth,Lynch,30,kenneth.lynch@example.com,242 Maple Ave,New York,NY,15512,(270) 945-6223
5b4df518-7c6e-4957-8906-e33505acee31,Kim Porter DDS,Kim,Porter DDS,64,kim.porter dds@sample.org,4943 Maple Ave,Los Angeles,CA,19995,(986) 501-2467
212484cd-56e9-4934-ab9b-69d43228ee16,Duane Myers,Duane,Myers,45,duane.myers@example.com,2856 Main St,New York,NY,29036,(592) 775-8202
1439dc05-4ab9-4995-90c7-d9437ae94f50,Shane Barber,Shane,Barber,51,shane.barber@example.com,2949 Maple Ave,Houston,TX,51971,(281) 390-6285
91c5349a-5fb8-43b5-8af3-1b0018617bc3,Deborah Peck,Deborah,Peck,21,deborah.peck@example.com,8840 Oak Dr,Houston,TX,69179,(280) 226-8414
e6debecd-a5cf-4ced-957e-7fb31720480c,Robert Mitchell,Robert,Mitchell,23,robert.mitchell@mail.com,8983 Oak Dr,Los Angeles,CA,51265,(674) 529-4364
c11308cb-8153-4e7b-9149-9b6b5c0aa137,Jacqueline Cuevas,Jacqueline,Cuevas,56,jacqueline.cuevas@mail.com,4927 Maple Ave,Philadelphia,PA,87203,(836) 227-6118
7c0459a0-2d38-460e-8653-72aefbf15570,Calvin Strong,Calvin,Strong,48,calvin.strong@mail.com,8532 Oak Dr,Chicago,IL,29397,(357) 842-6058
43086963-8392-432e-84e0-ef1902202b4c,Amber Franklin,Amber,Franklin,30,amber.franklin@example.com,4367 Main St,New York,NY,47753,(654) 706-5885
d78e6e3f-3ff1-49b6-9dcb-129816aa0ecb,Steven Hansen,Steven,Hansen,20,steven.hansen@mail.com,5173 Main St,San Diego,CA,81367,(102) 881-5043
2f76575f-2d85-40ca-8f3b-82b14debc678,Renee Clark,Renee,Clark,19,renee.clark@example.com,5571 Main St,San Diego,CA,42557,(308) 445-4684
fd12529b-56bd-40cf-a742-a90ad36add5e,Karen Howell,Karen,Howell,54,karen.howell@example.com,9348 Pine Rd,Philadelphia,PA,32216,(601) 146-2135
6aff094b-52ed-46fe-8904-5752ec7e76ec,Roy Torres,Roy,Torres,53,roy.torres@mail.com,9023 Oak Dr,San Diego,CA,32840,(186) 527-6540
fe21b6ad-ebab-42b3-b5ed-ad3529036009,Tiffany Scott,Tiffany,Scott,60,tiffany.scott@example.com,5761 Oak Dr,Chicago,IL,75627,(560) 573-9083
77475cfc-c7a4-44fd-aa82-b68053aa7540,Steven Wood,Steven,Wood,59,steven.wood@sample.org,4673 Oak Dr,Philadelphia,PA,33397,(810) 610-3649
2f0fa97b-f713-40a9-8e11-3e18580cd97b,Christopher James,Christopher,James,45,christopher.james@example.com,1677 Pine Rd,Dallas,TX,26620,(296) 495-3935
ce8210c0-c537-4fd0-80ef-c3e8063b748a,Victoria Russo,Victoria,Russo,63,victoria.russo@mail.com,6062 Oak Dr,San Diego,CA,67041,(429) 195-7955
2661b9e7-3b2c-40ea-b349-251363d10a4e,Mark Brown MD,Mark,Brown MD,37,mark.brown md@example.com,189 Oak Dr,Phoenix,AZ,28585,(146) 640-8167
d85d8387-2b7e-46a9-9f28-dad061a5fc01,Todd Bautista,Todd,Bautista,63,todd.bautista@sample.org,954 Main St,San Diego,CA,57679,(498) 511-4249
8834bd0d-66fc-44cf-83bc-c787f024b078,Jessica Wade,Jessica,Wade,28,jessica.wade@sample.org,4850 Maple Ave,Dallas,TX,94667,(582) 197-5302
8639eac0-9cd8-4fe5-9e10-8526a16018d1,Kelli Williams,Kelli,Williams,33,kelli.williams@sample.org,9354 Oak Dr,Phoenix,AZ,92220,(208) 566-7645
4d481210-54e4-4e94-80f3-81ba408de5a5,James Cook,James,Cook,34,james.cook@sample.org,9942 Oak Dr,Dallas,TX,86315,(599) 997-6095
8f34cf8e-4ab5-436b-b34d-d43e654c8d6b,Jerry Wilkins,Jerry,Wilkins,39,jerry.wilkins@example.com,6128 Maple Ave,San Antonio,TX,94403,(939) 123-9940
6f1db361-6600-4690-8cd8-5520d4257b7f,John Simmons II,John,Simmons II,32,john.simmons ii@mail.com,3275 Oak Dr,Philadelphia,PA,84832,(545) 338-8995
582e9081-9542-4d02-9ed4-d41c93fa8b2c,Laura Jones,Laura,Jones,42,laura.jones@mail.com,1035 Pine Rd,Chicago,IL,98860,(241) 835-6635
5f22d013-c3f9-44a7-aeba-0975da12ffcc,Jack Huynh,Jack,Huynh,33,jack.huynh@example.com,8970 Pine Rd,Los Angeles,CA,36385,(871) 887-3825
c958448f-45d7-416d-a358-45098ec2a9da,Natasha Johnston,Natasha,Johnston,45,natasha.johnston@mail.com,109 Pine Rd,Chicago,IL,71394,(807) 375-4876
9400a9f1-7dfe-440e-9992-ce7a2dd5b296,Michael Khan,Michael,Khan,46,michael.khan@sample.org,7652 Main St,Houston,TX,16386,(673) 455-3548
1b221ed8-52ce-4d81-a181-c5317da12a7c,Cheryl Patel,Cheryl,Patel,34,cheryl.patel@mail.com,2093 Pine Rd,Phoenix,AZ,15145,(987) 500-3531
49421d99-2baa-4a3f-bbff-4e4d4e0062aa,George Sanchez,George,Sanchez,28,george.sanchez@mail.com,6308 Maple Ave,Philadelphia,PA,69341,(315) 999-1631
f962820d-d110-4903-9fbd-86a2ba5a9687,Jonathan Lewis,Jonathan,Lewis,25,jonathan.lewis@mail.com,8367 Pine Rd,Philadelphia,PA,34630,(897) 734-9869
f714d574-6aed-4017-952f-ff5bc4155939,Claudia Jones,Claudia,Jones,28,claudia.jones@sample.org,6761 Maple Ave,Houston,TX,29253,(609) 307-8454
cc1fc998-ac73-4d63-9bb0-03e1756e8d0d,Ronald Tran,Ronald,Tran,21,ronald.tran@mail.com,8296 Oak Dr,Chicago,IL,15785,(279) 207-8099
f55982fc-a2f7-407d-b845-3b32df0463f7,Dr. Chad Chavez,Dr.,Chad Chavez,67,dr..chad chavez@sample.org,4162 Maple Ave,Los Angeles,CA,54408,(589) 308-5993
254a6b6d-5dcb-4d20-88ce-e2e448935a93,Deborah Jackson,Deborah,Jackson,35,deborah.jackson@sample.org,8049 Main St,Phoenix,AZ,30750,(397) 627-1850
c664111b-b80e-45ab-b2de-ee220ea29fbe,Brittany Morales,Brittany,Morales,69,brittany.morales@example.com,9823 Main St,Los Angeles,CA,24411,(815) 780-1767
49a68f77-776a-4b4b-b668-48e489f414ae,Patricia Smith,Patricia,Smith,65,patricia.smith@example.com,3670 Oak Dr,San Diego,CA,99311,(612) 999-9291
6d83b2dd-2590-42ba-8d66-d65101b1a517,Danielle Lewis,Danielle,Lewis,69,danielle.lewis@sample.org,409 Oak Dr,Los Angeles,CA,83060,(327) 761-4802
1740f65f-2823-4d8a-9ff9-2bf6dfcddfb6,Stephanie Navarro,Stephanie,Navarro,53,stephanie.navarro@sample.org,3486 Main St,Philadelphia,PA,98088,(761) 835-8318
6f80c5c6-04ed-4548-83b7-aee06e3700c4,Dana Ballard,Dana,Ballard,58,dana.ballard@mail.com,9764 Main St,San Antonio,TX,68222,(895) 487-8283
779b7f09-bfd0-4ab7-a46f-9f6eecb13030,Clayton Brown,Clayton,Brown,31,clayton.brown@example.com,6786 Pine Rd,Chicago,IL,40694,(264) 855-3318
9a689679-4c75-46ba-92d3-6b5b0c51a34a,Bryan Bell,Bryan,Bell,24,bryan.bell@mail.com,1175 Oak Dr,Houston,TX,40010,(150) 973-7094
a768163c-0781-430b-8703-ce1ce473c762,William Wallace II,William,Wallace II,56,william.wallace ii@sample.org,8225 Oak Dr,Phoenix,AZ,29610,(619) 404-8007
ed79e1d1-f247-47da-b20f-17c6184db706,Matthew Roberts,Matthew,Roberts,58,matthew.roberts@example.com,1238 Maple Ave,Philadelphia,PA,90627,(340) 332-4556
758d0e66-e551-46a4-b8f9-0a98d7161e93,Barry Mann,Barry,Mann,46,barry.mann@mail.com,1278 Pine Rd,Chicago,IL,34752,(280) 156-5453
1757e1cd-b99e-42a3-9e19-1b1305127836,Kelly Pearson,Kelly,Pearson,20,kelly.pearson@sample.org,5792 Oak Dr,Los Angeles,CA,53968,(351) 716-1661
40c889c0-2020-4661-bb9a-564950b1a262,Steven Escobar,Steven,Escobar,55,steven.escobar@mail.com,8110 Main St,San Diego,CA,89400,(333) 579-6121
b8cf5c4c-27e2-4106-9058-eb38559661e0,Miranda Myers,Miranda,Myers,57,miranda.myers@sample.org,600 Main St,Phoenix,AZ,97808,(943) 470-5131
7bb37398-522c-4b94-95aa-882d79ae2041,Diana Taylor,Diana,Taylor,37,diana.taylor@example.com,7166 Pine Rd,San Antonio,TX,30759,(350) 680-2022
670a79a3-05fc-4a33-8b9d-1b6df80347f4,Jason Richards,Jason,Richards,68,jason.richards@mail.com,6150 Main St,Philadelphia,PA,63065,(391) 573-6307
c0a8be37-975c-4b34-8989-1eb846c63871,Sarah Hatfield,Sarah,Hatfield,26,sarah.hatfield@mail.com,6972 Oak Dr,Chicago,IL,69867,(243) 132-7458
5c3c91f4-9d48-426f-9862-e165bf8f616d,John Washington,John,Washington,20,john.washington@sample.org,1330 Oak Dr,Phoenix,AZ,74661,(553) 475-2275
7ea9b687-48e0-4f47-9245-7a3e02c88fec,Hannah Ross,Hannah,Ross,62,hannah.ross@sample.org,2655 Pine Rd,Phoenix,AZ,18778,(724) 448-3738
6d622f69-5cf8-4eda-b7ff-4f57f0e66237,David Donaldson,David,Donaldson,51,david.donaldson@mail.com,9487 Maple Ave,Los Angeles,CA,62453,(263) 571-7345
7e394ed8-8aae-477f-9649-5d3e7f5658fb,Caroline Lucas,Caroline,Lucas,50,caroline.lucas@sample.org,5115 Main St,San Diego,CA,12760,(368) 415-3771
95381466-0836-4fd0-b05c-e8ca6147a51f,Barry Maxwell,Barry,Maxwell,29,barry.maxwell@sample.org,6058 Maple Ave,San Diego,CA,96150,(239) 933-4035
3bcd90d3-7d42-4c9f-ad46-04d8af612206,Lauren Love,Lauren,Love,34,lauren.love@mail.com,8189 Maple Ave,Chicago,IL,43421,(286) 366-6239
6afcdfd4-7162-4241-9932-0cf1f3a2b6e7,Tracey Larson,Tracey,Larson,57,tracey.larson@example.com,8701 Pine Rd,San Antonio,TX,20053,(256) 207-6079
07837268-1f07-43d7-a271-fa0ab4370eee,Billy Burton,Billy,Burton,61,billy.burton@example.com,4421 Pine Rd,Dallas,TX,20801,(614) 172-4226
84a120aa-c994-404e-9e74-8277a6f9eb4e,Brendan Rodriguez,Brendan,Rodriguez,55,brendan.rodriguez@sample.org,4955 Oak Dr,Philadelphia,PA,83570,(121) 764-4015
17e24a9b-119c-4ea7-a53a-bb757c70ad0a,Emily Perry,Emily,Perry,28,emily.perry@example.com,1684 Oak Dr,New York,NY,99490,(850) 473-6854
cc9cb0b1-f5d5-4fbb-ae89-025a80fb57c1,Kathryn King,Kathryn,King,46,kathryn.king@mail.com,7907 Maple Ave,Philadelphia,PA,75845,(917) 788-4404
7d4b9dcb-d4ff-42fa-9c58-5657c61f4954,Michael Morris,Michael,Morris,36,michael.morris@example.com,5854 Pine Rd,San Antonio,TX,23078,(757) 782-9277
6fb41f2c-72b6-4e3e-b896-89be93d85e5a,Brandon Small,Brandon,Small,61,brandon.small@example.com,2332 Maple Ave,New York,NY,92667,(557) 935-5278
33ab4667-4cdd-435a-875e-305ea36ebc4d,Jill Smith,Jill,Smith,66,jill.smith@sample.org,4840 Pine Rd,Dallas,TX,18058,(345) 343-2760
a2effce6-3ad2-4811-940b-bbb5a4ad9b67,Kevin Mcguire,Kevin,Mcguire,57,kevin.mcguire@sample.org,6287 Oak Dr,Houston,TX,55857,(818) 916-7318
f3c5c37f-bd98-40b6-8f8b-eeb75218bbed,Cynthia Frazier,Cynthia,Frazier,54,cynthia.frazier@sample.org,4012 Oak Dr,San Diego,CA,15870,(363) 616-1729
249c5605-e2c1-49de-825b-aeef4ba19a9e,Matthew Bryan,Matthew,Bryan,48,matthew.bryan@sample.org,8255 Oak Dr,Philadelphia,PA,76061,(310) 156-2880
87a00a98-1d65-4fba-92f9-41ac07bce2bd,Tracey Giles,Tracey,Giles,25,tracey.giles@example.com,2034 Pine Rd,Phoenix,AZ,44322,(460) 412-9801
aef5051b-ee62-4974-994d-fbb200c5f89c,Anthony Silva,Anthony,Silva,27,anthony.silva@example.com,1154 Oak Dr,San Diego,CA,42294,(843) 418-7930
21c61b96-d053-45f3-9730-c3483fe288d2,Jay Cunningham,Jay,Cunningham,25,jay.cunningham@sample.org,4786 Oak Dr,Chicago,IL,59852,(257) 805-3639
aa006c1b-6b97-4f02-99a9-57923d13eb8f,Mary Owens,Mary,Owens,23,mary.owens@sample.org,9988 Oak Dr,Philadelphia,PA,99898,(397) 916-3125
bbe44e0a-dc83-4c13-a357-89d0c4f06f29,Renee Price,Renee,Price,44,renee.price@mail.com,9469 Main St,New York,NY,12456,(493) 115-4544
cd67e795-f5fa-470f-9a4f-4060d5951279,Kathleen Flores,Kathleen,Flores,56,kathleen.flores@example.com,1244 Maple Ave,New York,NY,37966,(787) 339-8483
2444fa55-4e76-4e0e-8880-6ccb037e3479,Kelly Holmes,Kelly,Holmes,36,kelly.holmes@example.com,7177 Maple Ave,San Antonio,TX,98532,(330) 858-6527
adc6b3eb-08c6-47a0-a6ce-19384284547a,Ashley Jenkins,Ashley,Jenkins,19,ashley.jenkins@example.com,7248 Oak Dr,Los Angeles,CA,49344,(907) 975-2434
c3f68ead-12e5-4a95-9f20-2c9529a5f08b,Dana Williams,Dana,Williams,38,dana.williams@sample.org,4199 Maple Ave,San Antonio,TX,35168,(547) 562-5752
2fac4408-7728-454c-94d8-16b7262380b0,Brandon Alvarado,Brandon,Alvarado,33,brandon.alvarado@sample.org,3260 Oak Dr,Dallas,TX,20286,(997) 472-6299
5a056723-8fb6-4708-ba04-edc4e2854e74,Lawrence Ochoa,Lawrence,Ochoa,29,lawrence.ochoa@mail.com,1259 Pine Rd,San Antonio,TX,76255,(968) 550-3110
6f595044-c1c1-4b1b-8b9a-6ba836a7d845,Teresa Moreno,Teresa,Moreno,32,teresa.moreno@example.com,9887 Main St,Phoenix,AZ,68054,(904) 473-7647
8d5fa184-5966-49ce-b3e7-4acfaba98bfd,Sarah Edwards,Sarah,Edwards,58,sarah.edwards@sample.org,209 Pine Rd,Houston,TX,56667,(635) 954-1015
3785fc7c-35aa-4e40-b620-f54b10e8a832,Jennifer Porter,Jennifer,Porter,32,jennifer.porter@sample.org,9782 Main St,San Antonio,TX,13556,(935) 859-6333
436ca6dd-1cc3-4ff0-986c-eabb97606b9b,Caitlin Vasquez,Caitlin,Vasquez,52,caitlin.vasquez@example.com,9589 Pine Rd,Los Angeles,CA,37510,(236) 617-5457
64e25b29-1b93-4db3-a929-7fb7183288be,Sergio Johnson,Sergio,Johnson,40,sergio.johnson@example.com,1018 Maple Ave,Phoenix,AZ,12743,(733) 154-4477
4a0fcf58-3784-4070-96a6-0925fc23e36f,Kathy Nichols MD,Kathy,Nichols MD,56,kathy.nichols md@sample.org,3838 Pine Rd,New York,NY,49721,(419) 846-4946
e94d8a6e-9b23-411a-baf2-75f02c42d8cb,Mary Jordan,Mary,Jordan,46,mary.jordan@example.com,9133 Pine Rd,Houston,TX,53656,(183) 737-9636
8c5628d0-6d15-4a6d-80f2-9c723e39ba83,Stephanie Reyes,Stephanie,Reyes,55,stephanie.reyes@mail.com,5974 Maple Ave,Philadelphia,PA,41544,(711) 354-3530
7eaca096-c253-48ee-936a-8ea930759d59,Samuel Thomas,Samuel,Thomas,19,samuel.thomas@sample.org,2671 Maple Ave,Phoenix,AZ,82691,(428) 916-1214
e648e7c1-b5f5-4d67-b78c-7d41956f4eaf,James Jones,James,Jones,63,james.jones@example.com,1909 Maple Ave,San Antonio,TX,14319,(519) 297-8991
ed5f2f3e-8bef-4da7-b30c-90c3fa5f40ea,Jason Jones DDS,Jason,Jones DDS,70,jason.jones dds@sample.org,5771 Maple Ave,Houston,TX,75689,(653) 711-6574
cd709ef0-753a-4968-b981-ab264708b37a,Christine Miller,Christine,Miller,45,christine.miller@sample.org,4902 Maple Ave,Dallas,TX,80357,(969) 341-8602
72ad36e6-90e5-4d1f-8978-44a18ed7d4e0,Jessica Cole,Jessica,Cole,52,jessica.cole@sample.org,5470 Oak Dr,San Antonio,TX,31107,(408) 824-3304
b8edba64-3db4-4841-8f8d-dc00dce6fb67,Hannah Anderson MD,Hannah,Anderson MD,27,hannah.anderson md@mail.com,6536 Pine Rd,Los Angeles,CA,75146,(808) 281-9647
7b4010bf-8e77-489c-83e9-0056299e9429,Amanda Chapman,Amanda,Chapman,56,amanda.chapman@mail.com,7359 Maple Ave,Los Angeles,CA,65507,(955) 277-6843
446153de-73e0-4d85-a593-2c3ae8664564,Manuel Hess,Manuel,Hess,45,manuel.hess@example.com,7249 Maple Ave,Phoenix,AZ,87143,(497) 699-2859
5a2b4f14-e7ac-4b3a-bf58-688bca696e5f,Colin Campos,Colin,Campos,47,colin.campos@example.com,9117 Main St,San Antonio,TX,30505,(504) 344-7338
10687c1c-9437-400c-a604-0e19882c65e1,Amber Reed,Amber,Reed,69,amber.reed@mail.com,2840 Maple Ave,San Diego,CA,26886,(347) 989-9509
03710ca1-feb1-4206-bd26-3bb8e6a1dac2,Miguel Ruiz,Miguel,Ruiz,55,miguel.ruiz@sample.org,6742 Pine Rd,Philadelphia,PA,26724,(737) 967-4435
153f6ea8-c8e7-4bfb-8273-72ac137733ea,Timothy Long,Timothy,Long,49,timothy.long@mail.com,4422 Pine Rd,Los Angeles,CA,23482,(480) 623-9782
6cb96ee5-043d-47e6-a79a-67e7b0fa034e,Danielle Anthony,Danielle,Anthony,52,danielle.anthony@example.com,4525 Pine Rd,San Antonio,TX,39037,(883) 848-6762
67d2941c-ef55-4f74-9994-431a09ee14db,Nathan Howard,Nathan,Howard,32,nathan.howard@sample.org,581 Maple Ave,Houston,TX,23957,(476) 808-6797
afdabd06-a2b4-497a-93b8-7bcf582b5d3b,Eric Porter,Eric,Porter,57,eric.porter@mail.com,6490 Pine Rd,Dallas,TX,20572,(981) 271-1494
0bc37503-ab88-4833-9b4e-1355bdd20deb,Mr. Alfred Reynolds,Mr.,Alfred Reynolds,38,mr..alfred reynolds@mail.com,5242 Maple Ave,San Antonio,TX,83985,(697) 431-9475
b43ea9dd-823e-4930-9110-31ea0eaa05f3,Shawn Burnett,Shawn,Burnett,22,shawn.burnett@mail.com,6111 Pine Rd,New York,NY,53811,(571) 872-7025
f9f4d7f7-6884-4f0c-88d9-0d3432a666ca,Christopher Cannon,Christopher,Cannon,39,christopher.cannon@example.com,3294 Oak Dr,Phoenix,AZ,48924,(136) 226-8686
07571aa5-5581-4cf0-9a68-006051f37c8c,Dylan Dickerson,Dylan,Dickerson,33,dylan.dickerson@example.com,3139 Oak Dr,Los Angeles,CA,40247,(690) 865-8789
71f1cea1-588b-47f5-93c3-4e649541a9e4,Kelsey Walker,Kelsey,Walker,33,kelsey.walker@mail.com,8997 Oak Dr,Houston,TX,91091,(232) 430-4305
6ffc9798-2bb6-43ca-823b-e9dda0935299,John Mcgee,John,Mcgee,57,john.mcgee@mail.com,9112 Oak Dr,Phoenix,AZ,43004,(492) 397-5269
1991aaf6-d1b3-45f3-a33b-7a9174d18f8b,Karen Pugh,Karen,Pugh,18,karen.pugh@mail.com,5212 Oak Dr,Los Angeles,CA,16260,(119) 889-6935
86fb0f27-e52e-40a4-8499-5f1610574213,Erin Garcia,Erin,Garcia,70,erin.garcia@mail.com,8682 Oak Dr,Houston,TX,38663,(717) 465-4436
2e1fd151-264e-4a4a-8584-733dd5da3152,Ellen Jordan,Ellen,Jordan,47,ellen.jordan@sample.org,1315 Maple Ave,Chicago,IL,46570,(119) 747-2143
8f4f1f50-62c9-4870-bf5b-bdcd357f8ad7,Teresa Ortiz,Teresa,Ortiz,65,teresa.ortiz@sample.org,8441 Pine Rd,Dallas,TX,34237,(326) 423-2975
37601558-3b79-4200-800f-fc03a28a5ec7,Michael Flores,Michael,Flores,69,michael.flores@example.com,335 Maple Ave,Houston,TX,37945,(444) 513-2313
f03fb49f-283d-405e-bf8d-52046ca6e77d,Jill Mcknight,Jill,Mcknight,59,jill.mcknight@example.com,9170 Pine Rd,Chicago,IL,81472,(348) 954-7411
f14bcc19-681e-43a6-94e0-9748a8455850,Stephen Solis,Stephen,Solis,56,stephen.solis@mail.com,9974 Pine Rd,Houston,TX,34517,(905) 649-5804
bd081d89-0320-4774-bb4c-798b6e253b0e,Katherine Griffin,Katherine,Griffin,54,katherine.griffin@sample.org,6601 Oak Dr,Phoenix,AZ,13188,(851) 172-1995
27133460-80a8-449a-b422-65bfe97af456,Andrew Rosario,Andrew,Rosario,61,andrew.rosario@example.com,6445 Pine Rd,Los Angeles,CA,76649,(305) 226-9318
ab13dd68-d82a-4dbe-b352-0f4df96ff5e3,Kathryn Cox,Kathryn,Cox,47,kathryn.cox@sample.org,1711 Pine Rd,New York,NY,55098,(811) 419-7144
bd72d373-2261-4193-bee7-41d3bfd08ef1,Ronald Jones,Ronald,Jones,20,ronald.jones@example.com,974 Main St,New York,NY,45405,(907) 795-3621
b4624db2-8aba-4c57-a0f7-0f5cb8bf0a04,Jennifer Atkinson,Jennifer,Atkinson,39,jennifer.atkinson@example.com,4789 Main St,Dallas,TX,17040,(174) 385-7028
8cf43099-d49e-4e95-8b08-3d61df8b947f,Dennis Johnson,Dennis,Johnson,30,dennis.johnson@sample.org,3211 Oak Dr,San Diego,CA,97996,(955) 478-4719
625c6012-3c16-4c27-ab0c-a8512e488ad7,Nicole Russell,Nicole,Russell,66,nicole.russell@mail.com,4058 Pine Rd,Philadelphia,PA,15930,(417) 442-8067
0e105436-465e-4326-94d3-f6a0e7051725,Carrie Johnson,Carrie,Johnson,42,carrie.johnson@example.com,7833 Main St,San Antonio,TX,29084,(998) 358-3753
32927010-1d7d-4cd9-a500-593804ff0e77,Alicia Holder,Alicia,Holder,59,alicia.holder@mail.com,4918 Maple Ave,San Antonio,TX,65032,(734) 409-2583
0b7ba743-6819-4540-8542-b7fa14bd996d,Christina Johnson,Christina,Johnson,67,christina.johnson@sample.org,7871 Main St,New York,NY,64404,(812) 504-1084
fa5ae382-e7ab-4d94-bdfc-7d689bc335ab,Jeffrey Boyd,Jeffrey,Boyd,44,jeffrey.boyd@sample.org,2248 Maple Ave,Houston,TX,83631,(149) 980-3603
62e44a82-c99b-4d04-9abb-f6a2eb97c7ec,Ashley Anderson,Ashley,Anderson,70,ashley.anderson@sample.org,1673 Pine Rd,Philadelphia,PA,96285,(217) 639-9675
758b4602-0ce0-440a-9584-ad59ce4216ad,David Hammond,David,Hammond,29,david.hammond@sample.org,9608 Oak Dr,San Antonio,TX,77128,(203) 965-9403
920c0197-3c76-4cb7-90f7-b1a687043563,Lisa Lee,Lisa,Lee,44,lisa.lee@example.com,3380 Main St,Houston,TX,90518,(832) 438-9253
4675a031-3216-463d-8c4d-42ea1283bd56,Jason Parker,Jason,Parker,31,jason.parker@example.com,8521 Maple Ave,Los Angeles,CA,11535,(713) 617-5778
a5066e8e-de65-4798-9ed5-f6cae5f86031,Meagan Robinson,Meagan,Robinson,37,meagan.robinson@sample.org,8777 Maple Ave,Houston,TX,44604,(136) 856-1876
99908d5f-92b2-4e74-812d-8fbf41ddc894,Kenneth Wilcox,Kenneth,Wilcox,63,kenneth.wilcox@mail.com,1348 Main St,Phoenix,AZ,86174,(636) 809-1596
c404f9e5-cfcd-428e-8459-c1e1fd0d586b,Brian Smith,Brian,Smith,69,brian.smith@sample.org,291 Oak Dr,Dallas,TX,58827,(908) 373-9254
902c8ddc-8ba2-42a6-b380-4afc64f50ffc,Courtney Lee,Courtney,Lee,61,courtney.lee@example.com,8725 Oak Dr,Los Angeles,CA,18817,(619) 280-9441
376d586e-00b0-4a49-9695-ddac46fb337e,Margaret Lopez,Margaret,Lopez,55,margaret.lopez@mail.com,303 Pine Rd,Houston,TX,63273,(673) 431-7182
89a5d615-2bb0-4843-8177-90bf7f452bfe,Kathleen Sawyer,Kathleen,Sawyer,18,kathleen.sawyer@mail.com,9061 Oak Dr,Dallas,TX,66483,(141) 876-9609
8f9052f4-d761-416e-8b74-a71f640df0d7,Kerri Wilson,Kerri,Wilson,66,kerri.wilson@sample.org,5750 Main St,Phoenix,AZ,81864,(368) 766-6095
359c05d0-e19d-463d-b3b4-43a0b4a3810f,Lauren Jackson,Lauren,Jackson,39,lauren.jackson@sample.org,4309 Oak Dr,Phoenix,AZ,31188,(534) 146-5895
fa7960f6-2060-4fc8-a154-148e0c543e8a,Danielle Griffin,Danielle,Griffin,46,danielle.griffin@mail.com,642 Maple Ave,Chicago,IL,58052,(322) 164-9252
11498734-cebc-4784-a055-6bd08a18f1dc,Courtney Evans,Courtney,Evans,43,courtney.evans@example.com,5573 Pine Rd,Dallas,TX,57603,(395) 358-3217
33d208d7-91f2-4d70-9f75-c1bf87481c15,Maria Cabrera,Maria,Cabrera,49,maria.cabrera@mail.com,7609 Main St,Chicago,IL,23547,(990) 306-8723
848bb1e9-3367-4758-8f73-e886fadfadab,Tyler Evans,Tyler,Evans,39,tyler.evans@mail.com,7984 Maple Ave,Phoenix,AZ,46343,(188) 667-1839
45233069-2809-4274-b243-98792794b3e9,Misty Townsend,Misty,Townsend,50,misty.townsend@example.com,431 Maple Ave,Phoenix,AZ,77842,(962) 673-2716
5b16d3ac-510a-4143-8a0a-785ce783f3d8,Brian Ford,Brian,Ford,22,brian.ford@example.com,5627 Pine Rd,New York,NY,28942,(577) 302-1177
5dbe3a93-bfd1-48f7-8040-dacc81b641f3,Dr. Erin Turner,Dr.,Erin Turner,49,dr..erin turner@example.com,1508 Pine Rd,Los Angeles,CA,77643,(271) 594-3329
f0496969-2829-4c93-834d-07ef9042cd86,Ashley Lam,Ashley,Lam,19,ashley.lam@example.com,3577 Pine Rd,Dallas,TX,99194,(339) 741-5486
70a0c69e-1bf5-4805-bf9c-4714e193f75d,Stephanie Nelson,Stephanie,Nelson,67,stephanie.nelson@example.com,9423 Main St,Philadelphia,PA,61386,(999) 677-9436
b6b6f9ac-f08b-4ef6-8e52-a2c0bb49b17d,James Mitchell,James,Mitchell,43,james.mitchell@mail.com,344 Main St,San Diego,CA,14486,(604) 340-3091
0855291e-0a0d-4e17-931b-beabbc173f85,Rhonda Watkins,Rhonda,Watkins,42,rhonda.watkins@example.com,5323 Pine Rd,Houston,TX,61909,(842) 719-5863
50fb8eb8-955f-41ca-ab6a-faaff8141652,Sharon Johnson,Sharon,Johnson,66,sharon.johnson@mail.com,4924 Oak Dr,San Diego,CA,12942,(531) 810-5903
661d2fc6-9fa2-4c79-9d19-44c73cb68448,Paul Black,Paul,Black,25,paul.black@mail.com,7325 Pine Rd,Philadelphia,PA,29847,(109) 423-6973
bcff2252-fa4f-4a03-88eb-6ff7b0e010a0,Elizabeth Lewis,Elizabeth,Lewis,42,elizabeth.lewis@mail.com,9624 Pine Rd,Chicago,IL,35392,(563) 690-7616
4ba2a669-8d0b-4aef-96c0-aae24b7711ff,Peggy Martinez,Peggy,Martinez,62,peggy.martinez@mail.com,3294 Oak Dr,Houston,TX,43582,(842) 926-9134
f1c1c41c-e3ac-4d0f-9604-06a648c54aa4,Adam Murray,Adam,Murray,68,adam.murray@example.com,1293 Maple Ave,Phoenix,AZ,35390,(884) 127-7960
0ed041f5-3d65-4f50-b23e-849b527ee107,Paige Gonzales,Paige,Gonzales,42,paige.gonzales@sample.org,5845 Maple Ave,Houston,TX,21518,(840) 444-5571
01450c81-3eae-4663-a704-f91c175e17f0,Alex Rosales,Alex,Rosales,51,alex.rosales@mail.com,5715 Oak Dr,Houston,TX,13766,(927) 727-6772
5948da4d-8a3d-4122-9885-6f62f017c7b2,Ashley Meyer,Ashley,Meyer,65,ashley.meyer@mail.com,8777 Oak Dr,Philadelphia,PA,31587,(294) 105-7685
67f25b4e-183c-4a43-9227-09966e445b42,Stephanie Price,Stephanie,Price,52,stephanie.price@example.com,9804 Oak Dr,Los Angeles,CA,62443,(631) 847-2940
46d34d7f-a3a4-4386-89ba-fa5ac15e5a69,Walter Allen,Walter,Allen,34,walter.allen@example.com,7506 Pine Rd,Los Angeles,CA,78322,(508) 470-6116
7bb8fda6-2726-4199-a7aa-ed27cdfff312,Derrick Brown,Derrick,Brown,27,derrick.brown@sample.org,6201 Main St,Philadelphia,PA,27704,(563) 889-5651
3934f6b2-65db-491f-93be-76ec718440d9,John Wilson,John,Wilson,20,john.wilson@example.com,5433 Maple Ave,Phoenix,AZ,80690,(766) 334-1104
547f74d3-e5b0-4e69-a707-74acc44f122c,Tony Garrett,Tony,Garrett,27,tony.garrett@sample.org,8563 Pine Rd,Philadelphia,PA,69480,(928) 996-1932
b06bdac7-cb60-4550-a13d-62da39a1c53e,Joshua Proctor,Joshua,Proctor,53,joshua.proctor@example.com,2947 Pine Rd,Chicago,IL,25938,(984) 443-3345
b51ad0d8-7b4d-4859-8de9-fd9feb62c888,Angela Clark,Angela,Clark,67,angela.clark@example.com,5901 Maple Ave,Phoenix,AZ,53944,(627) 765-7835
543b48b5-22b5-41e4-8e3c-704fc8f03e8d,Luis White,Luis,White,63,luis.white@sample.org,2300 Pine Rd,Chicago,IL,76150,(972) 123-2017
b66095e0-346f-477d-8c25-3b70d4dfab70,Cheyenne Briggs,Cheyenne,Briggs,21,cheyenne.briggs@sample.org,2642 Maple Ave,Phoenix,AZ,12249,(790) 935-4589
8386c889-4e1d-49ce-9d61-12c967dad0f9,Alicia Webster,Alicia,Webster,19,alicia.webster@mail.com,3665 Main St,New York,NY,27308,(590) 714-6524
07365e1d-9d4c-4185-859e-d5757178280c,Madison Austin,Madison,Austin,18,madison.austin@sample.org,9607 Maple Ave,San Antonio,TX,67635,(326) 909-2081
33326773-e843-48d9-9641-9990733d705a,Chase Rogers,Chase,Rogers,28,chase.rogers@sample.org,4821 Pine Rd,Houston,TX,57924,(254) 128-3402
2a6409ee-29ac-483f-a2a7-9074fcb50191,Michael Macdonald,Michael,Macdonald,62,michael.macdonald@mail.com,2374 Oak Dr,Phoenix,AZ,48626,(827) 911-3634
8976b896-e0e8-4696-b268-5587e42efaa0,Carrie Mueller,Carrie,Mueller,40,carrie.mueller@example.com,5064 Main St,Phoenix,AZ,13058,(215) 265-8140
41b09fe3-c0bf-4484-bc20-f48aedb5e7d5,Jeremy Stokes,Jeremy,Stokes,34,jeremy.stokes@mail.com,5808 Main St,Los Angeles,CA,52744,(807) 668-6592
69819ace-cccb-4f20-aa31-be439b1b8e2b,Matthew Henderson,Matthew,Henderson,63,matthew.henderson@sample.org,3654 Oak Dr,Dallas,TX,80548,(968) 352-3592
19a91b0b-51dc-434f-978a-177588409f99,William Ayala,William,Ayala,36,william.ayala@example.com,3089 Oak Dr,Phoenix,AZ,45330,(797) 926-8086
d6ca3f18-6708-4e27-9196-8a2238aba9b0,Ryan Nash,Ryan,Nash,53,ryan.nash@mail.com,4097 Main St,San Diego,CA,19847,(227) 258-8212
78e4ffca-cfe4-42f3-9ef0-98ca1bb8cfa0,Marvin Kramer,Marvin,Kramer,42,marvin.kramer@sample.org,5539 Maple Ave,New York,NY,99749,(633) 972-7542
628b0262-278b-4522-aa31-ed61da01b78a,John Richardson,John,Richardson,25,john.richardson@sample.org,6154 Pine Rd,New York,NY,42108,(910) 104-2641
a43342bc-a956-480b-8ef3-7b28e61c9b9b,Maria Macdonald,Maria,Macdonald,29,maria.macdonald@mail.com,6113 Main St,Dallas,TX,81789,(296) 575-6753
296a6b8f-b21e-4485-ad7f-18c1262a0764,Brittany Wells,Brittany,Wells,61,brittany.wells@example.com,2077 Pine Rd,Dallas,TX,52495,(886) 850-8578
7c45f68c-bbba-4b82-9457-03de08fe8287,Diane Hunter,Diane,Hunter,33,diane.hunter@example.com,967 Pine Rd,Los Angeles,CA,77724,(624) 487-2262
be999c23-fb5b-4060-b4aa-bd50fe8ab5f6,Amanda Harper,Amanda,Harper,52,amanda.harper@example.com,9112 Oak Dr,Houston,TX,61806,(776) 215-5440
8c39c27b-eb7a-452f-9581-a78bdf3ed9eb,Robert Carter,Robert,Carter,67,robert.carter@example.com,2857 Maple Ave,San Diego,CA,19545,(134) 329-6213
430e5411-6ed3-439b-93c3-e885b2a37d0f,Judith Swanson,Judith,Swanson,70,judith.swanson@mail.com,5897 Main St,Chicago,IL,74642,(896) 112-2698
b9915f58-4f74-4518-bb97-0b1e58c541a5,Patrick Walls,Patrick,Walls,62,patrick.walls@mail.com,6351 Pine Rd,Phoenix,AZ,14904,(246) 843-1413
4559b465-3dfc-40aa-84fe-31c153b4c0d8,Bruce Henderson,Bruce,Henderson,38,bruce.henderson@example.com,1273 Oak Dr,Houston,TX,49412,(891) 446-6334
239409e0-b3ad-4bf6-ba7c-08628ee3cbee,Cole Kelly,Cole,Kelly,41,cole.kelly@sample.org,3612 Maple Ave,Dallas,TX,67488,(230) 834-3333
45514547-8413-41d4-ba88-c1240763e5e8,Jennifer Erickson,Jennifer,Erickson,37,jennifer.erickson@sample.org,3650 Maple Ave,San Diego,CA,18845,(536) 865-4264
ce5679e9-296a-4566-ba46-98a3e0a94136,Jeffrey Foster,Jeffrey,Foster,36,jeffrey.foster@mail.com,2109 Pine Rd,Houston,TX,95071,(218) 201-3383
02c02023-75d2-4ad2-89f6-ed2c2e7ae6f5,Anthony Simmons,Anthony,Simmons,35,anthony.simmons@example.com,6672 Main St,New York,NY,66959,(802) 167-4657
300faed1-594b-427c-894e-c46855f06f22,Sheena Lewis,Sheena,Lewis,50,sheena.lewis@mail.com,1370 Main St,San Diego,CA,89378,(141) 544-6466
aeb1bb4a-8548-48ed-a8e2-c31bc682b091,Sean Carter,Sean,Carter,41,sean.carter@mail.com,5368 Pine Rd,Los Angeles,CA,57761,(912) 468-2700
20ae953d-06b1-4034-a24c-a173911af24e,Christopher Ellis,Christopher,Ellis,26,christopher.ellis@example.com,7892 Pine Rd,Philadelphia,PA,44524,(496) 451-7793
4ed3232e-6117-4b38-9d59-265a217c91cf,Janet Jefferson,Janet,Jefferson,70,janet.jefferson@mail.com,5305 Pine Rd,Philadelphia,PA,70806,(658) 557-8440
8252af4b-fdbe-4139-b9a2-de4ceb670886,Joseph Wilson,Joseph,Wilson,43,joseph.wilson@example.com,3663 Maple Ave,San Diego,CA,44457,(441) 123-5226
254292b3-d9f3-4b20-be39-1db058d17bb9,Michael Harris,Michael,Harris,58,michael.harris@mail.com,5847 Maple Ave,Phoenix,AZ,85936,(283) 802-6416
4423c47b-1f8b-4df4-bfe9-531cd8e6441b,Sandra Gordon,Sandra,Gordon,58,sandra.gordon@example.com,1699 Main St,San Diego,CA,66014,(282) 455-5655
a4512e27-9e9c-4aa8-bc00-11e9e1f1fd9f,Heather Henderson,Heather,Henderson,62,heather.henderson@example.com,1891 Main St,Phoenix,AZ,89188,(538) 357-1854
36708614-1e24-453b-8593-b03eb1a7c5b8,Sue Bailey,Sue,Bailey,60,sue.bailey@example.com,1526 Oak Dr,Philadelphia,PA,40107,(905) 371-6787
f419edd5-8bb5-4809-8cfc-599ab209f6da,Alicia Norris,Alicia,Norris,45,alicia.norris@mail.com,6512 Maple Ave,San Diego,CA,29963,(904) 792-6730
4041ba09-7a39-4b37-9e0e-f39a765d9c82,Jennifer Sanders,Jennifer,Sanders,42,jennifer.sanders@mail.com,6445 Oak Dr,Houston,TX,78878,(307) 784-3295
d2d5925b-c91a-440d-a613-0c76f88845cc,Jeremiah Smith,Jeremiah,Smith,46,jeremiah.smith@example.com,715 Maple Ave,Philadelphia,PA,11951,(113) 579-8737
a054cb90-d7e9-4236-9533-fc7fd2b1fd77,Bryan Thomas,Bryan,Thomas,69,bryan.thomas@example.com,7763 Maple Ave,Los Angeles,CA,86483,(167) 910-8383
84f7f075-d17e-4662-a11c-bc80e28b12f5,David Lewis,David,Lewis,47,david.lewis@sample.org,5787 Maple Ave,Los Angeles,CA,96697,(217) 973-8958
0f1df561-31c0-417e-909b-4b054c45baaf,Grant Poole,Grant,Poole,30,grant.poole@mail.com,3053 Oak Dr,Phoenix,AZ,91982,(310) 586-9146
5b817ccb-b122-4044-b74f-bde3d1df714d,Lawrence Mclaughlin,Lawrence,Mclaughlin,48,lawrence.mclaughlin@sample.org,9137 Pine Rd,San Antonio,TX,73067,(570) 268-7672
c710ee81-7487-44d1-b65f-69a898acaf69,Paula Mcdonald,Paula,Mcdonald,59,paula.mcdonald@example.com,9060 Main St,Phoenix,AZ,69963,(973) 935-4617
7fcd9f31-c0cb-4414-9981-9d014f593081,Christopher Townsend,Christopher,Townsend,48,christopher.townsend@sample.org,4612 Oak Dr,San Diego,CA,15754,(811) 261-1566
d84ec4ed-ae05-416c-9cbe-eace4567132d,Ryan Martinez,Ryan,Martinez,61,ryan.martinez@mail.com,6359 Oak Dr,Phoenix,AZ,67086,(439) 468-7569
41ca48ad-5cc0-4e25-83df-63d166b91a12,Danielle Gonzalez,Danielle,Gonzalez,44,danielle.gonzalez@mail.com,9014 Main St,Dallas,TX,32163,(413) 223-9638
5e3636fd-a0a7-44c0-96e8-3d906cdbb119,Victoria Wood,Victoria,Wood,44,victoria.wood@mail.com,4458 Oak Dr,Chicago,IL,50195,(927) 678-3440
b5261e71-886e-4d78-8d1d-310ed9754704,Gregory Wyatt,Gregory,Wyatt,32,gregory.wyatt@sample.org,2148 Maple Ave,Philadelphia,PA,50247,(363) 829-7661
50e6ae18-ad0a-4f68-bb3d-e1a8b80eb58f,Jody Hale,Jody,Hale,48,jody.hale@sample.org,5409 Maple Ave,San Antonio,TX,99563,(544) 944-8078
adaf0597-4b7f-4b6a-8881-40f3787bc862,Nicole Hall,Nicole,Hall,62,nicole.hall@sample.org,5555 Main St,San Antonio,TX,84154,(228) 479-5159
a692df88-38f3-4725-84a6-73ec7e6c7ab5,David Thornton,David,Thornton,41,david.thornton@mail.com,555 Maple Ave,New York,NY,39409,(853) 391-1661
76d2b7be-1fa1-441b-9de1-97c64d06c646,Christopher Smith,Christopher,Smith,66,christopher.smith@mail.com,2936 Oak Dr,San Antonio,TX,25370,(192) 243-5018
fad2c57b-c35e-4270-8d10-2f067a5ee2b7,Ryan Jones,Ryan,Jones,23,ryan.jones@sample.org,2108 Oak Dr,Los Angeles,CA,46122,(791) 600-8763
5484b02b-221a-4bbe-86a3-3eccdcf8d2ae,Gerald Castillo,Gerald,Castillo,65,gerald.castillo@sample.org,2832 Oak Dr,Philadelphia,PA,96461,(740) 545-3256
c1d42cf2-74d9-44b1-a0a2-c85935c413be,George Garcia,George,Garcia,22,george.garcia@example.com,172 Maple Ave,New York,NY,61643,(946) 356-7980
e9f40ffc-bea9-4cc6-abca-7fe897f37903,Mackenzie Torres,Mackenzie,Torres,46,mackenzie.torres@example.com,9222 Maple Ave,Houston,TX,33563,(937) 308-8989
7863e37d-24c8-4e18-8730-ea7e2a65606d,Amy Roberts,Amy,Roberts,26,amy.roberts@mail.com,7971 Maple Ave,New York,NY,94645,(353) 867-4667
a9976a20-42e5-4c26-a2d0-6ab72973887f,Benjamin Thomas,Benjamin,Thomas,51,benjamin.thomas@mail.com,6952 Oak Dr,Los Angeles,CA,45856,(547) 945-8566
d51ebab3-97b1-482d-9ccd-7368f01000f7,Christina Patterson,Christina,Patterson,61,christina.patterson@sample.org,9406 Main St,New York,NY,80966,(876) 304-5533
e7f5d853-30ed-4302-9303-e11752f57b2f,Kristi Washington,Kristi,Washington,66,kristi.washington@mail.com,2178 Pine Rd,New York,NY,40798,(138) 425-3029
8e6a03da-15e7-44e8-bec1-426b65edb389,Rachel Sutton,Rachel,Sutton,65,rachel.sutton@sample.org,1925 Pine Rd,Dallas,TX,45120,(995) 855-4188
2e0d6ce4-794d-4494-bd1d-f44dbca8683f,Mary Martin,Mary,Martin,56,mary.martin@sample.org,4843 Oak Dr,Houston,TX,41480,(587) 333-5956
0e4dbbf0-e4a8-4015-9595-c0b9bec0f9e5,Joel Young,Joel,Young,60,joel.young@sample.org,1797 Pine Rd,Houston,TX,61901,(490) 651-3350
7aa35447-7686-43f7-bb98-14b1bc5fe250,Kelli Nash,Kelli,Nash,21,kelli.nash@example.com,8192 Oak Dr,Chicago,IL,72743,(800) 336-4897
fa6de1f2-ff8e-43ea-8da3-98d975b096da,Kyle Carroll,Kyle,Carroll,49,kyle.carroll@sample.org,5549 Maple Ave,Chicago,IL,12777,(727) 348-2863
e860f5d5-878c-468e-a446-059ba8434d4b,Cheryl Robinson,Cheryl,Robinson,43,cheryl.robinson@sample.org,2868 Main St,Philadelphia,PA,10197,(794) 698-4366
ce5ac3ba-cbec-4482-816e-1ee6def437e2,Linda Thompson,Linda,Thompson,19,linda.thompson@mail.com,7128 Maple Ave,Los Angeles,CA,60483,(425) 601-1354
0edeaba5-35f3-4e68-98ca-f412d9cd14b5,Martin Henderson,Martin,Henderson,19,martin.henderson@sample.org,9652 Maple Ave,Dallas,TX,31393,(823) 141-5744
4c710db6-7317-4d70-8dcb-6af9a4068e8d,Jonathan Bright,Jonathan,Bright,31,jonathan.bright@sample.org,1899 Main St,San Diego,CA,58055,(696) 663-4421
a48b7707-e594-444f-854e-67d65eb9105d,Katherine Martinez,Katherine,Martinez,58,katherine.martinez@sample.org,1461 Oak Dr,Chicago,IL,31550,(765) 715-2579
2b4b540f-9423-4186-8164-4566e5e908f2,Wanda Osborne,Wanda,Osborne,53,wanda.osborne@mail.com,3059 Maple Ave,New York,NY,34928,(755) 878-8426
03410ea3-1e8a-40ef-9322-bc532f78f7ff,Mr. Nathan Petersen,Mr.,Nathan Petersen,41,mr..nathan petersen@sample.org,3768 Maple Ave,Chicago,IL,90255,(523) 576-3363
f11283f0-4183-4d8d-a117-4b2a2c070ec2,Kevin Farmer,Kevin,Farmer,48,kevin.farmer@example.com,9521 Pine Rd,Dallas,TX,84197,(246) 997-8453
a3867ed0-9303-4ce2-b40d-a9711a5efef0,Brandy Dennis,Brandy,Dennis,52,brandy.dennis@mail.com,4394 Maple Ave,Los Angeles,CA,31614,(725) 896-5100
1a1397df-b2b4-4791-93d9-87ac9062f545,William Hodge,William,Hodge,48,william.hodge@sample.org,506 Main St,Phoenix,AZ,50272,(248) 906-6393
447fed8a-4bae-41c5-b5cd-cbf6a09c4782,Karen Patterson,Karen,Patterson,56,karen.patterson@example.com,4521 Main St,Dallas,TX,52041,(129) 150-6565
28f88fb0-d9fb-4c32-8470-1738493e863b,Robert Kim,Robert,Kim,24,robert.kim@example.com,6166 Maple Ave,Philadelphia,PA,76490,(814) 882-9878
1c8233dc-8ccb-4d27-84e7-e00d33ff6674,Charles Carpenter,Charles,Carpenter,35,charles.carpenter@example.com,7622 Maple Ave,Chicago,IL,62346,(133) 597-9894
2dcc7662-f1ce-442c-b998-bbe351d5e186,David Gomez,David,Gomez,56,david.gomez@example.com,1763 Oak Dr,Chicago,IL,46855,(713) 896-5445
c912d33f-5dc2-4ec9-a126-34b598046705,Julia Sanders,Julia,Sanders,39,julia.sanders@sample.org,1566 Maple Ave,Los Angeles,CA,32639,(143) 883-4187
bb35efe0-ac42-4801-bc72-7bea481716da,Michael Thomas,Michael,Thomas,70,michael.thomas@mail.com,9808 Pine Rd,Phoenix,AZ,57332,(681) 287-8290
da9de603-2c96-4356-820d-7c1e9ac4dde7,Kathy Thompson,Kathy,Thompson,23,kathy.thompson@sample.org,7622 Oak Dr,Dallas,TX,11257,(949) 210-1293
5a95b7ee-17bf-44cc-9775-835c337d4cb4,Teresa Williams,Teresa,Williams,61,teresa.williams@sample.org,6926 Maple Ave,San Diego,CA,26915,(178) 978-1338
a1a72036-c041-4a92-a719-9bbf0e21d53b,Sydney Eaton,Sydney,Eaton,53,sydney.eaton@example.com,1093 Pine Rd,New York,NY,74398,(443) 424-4191
2949aa7a-85ad-46d1-8409-bf608167f72a,Lawrence Brown,Lawrence,Brown,63,lawrence.brown@example.com,9672 Main St,Houston,TX,82295,(721) 754-2966
f7d61334-5d22-49f8-a022-903921239047,Michael Harper,Michael,Harper,42,michael.harper@example.com,8179 Oak Dr,San Diego,CA,27052,(662) 572-8743
7e26cac1-f9ea-443d-a6d7-b0d624d82143,Richard Burns,Richard,Burns,39,richard.burns@sample.org,2814 Maple Ave,Phoenix,AZ,93924,(982) 876-7911
4740d6a5-b760-477f-83d9-7d1c3e04f0ba,Tina Grant,Tina,Grant,69,tina.grant@sample.org,9266 Main St,San Antonio,TX,17087,(185) 205-6579
34b17474-7fef-4a04-8009-f83028f66521,Rebecca Warren,Rebecca,Warren,31,rebecca.warren@sample.org,8252 Pine Rd,Los Angeles,CA,56408,(460) 636-4509
0815e683-4b1e-4ea3-b9e8-9d06bbfaedb5,Steven Robinson,Steven,Robinson,49,steven.robinson@example.com,1934 Pine Rd,San Diego,CA,47203,(458) 644-7222
64ad7907-f83e-403b-b5b4-b1deded9bb1d,David Grant,David,Grant,48,david.grant@example.com,946 Main St,Dallas,TX,31481,(799) 232-7487
6b991ab8-8048-4161-b67d-7f862b2cc13e,Gabriella Choi,Gabriella,Choi,29,gabriella.choi@mail.com,6161 Maple Ave,Houston,TX,64051,(338) 408-1436
69f9f173-1ee1-4ba2-a1be-005dc5f305fd,Brian Mcdonald,Brian,Mcdonald,42,brian.mcdonald@sample.org,5424 Oak Dr,Dallas,TX,18291,(163) 453-5168
b2310c7d-702b-4e62-b938-3b19262bd9e9,Michelle Herring,Michelle,Herring,68,michelle.herring@example.com,8467 Oak Dr,San Antonio,TX,73715,(512) 478-1508
05d8d4ba-5569-4f0e-985d-5f63fbfee659,Joseph Sanchez,Joseph,Sanchez,43,joseph.sanchez@sample.org,7500 Oak Dr,Phoenix,AZ,35227,(571) 743-4476
7c66bbce-e687-4e15-be85-d960c3de159b,Margaret Houston,Margaret,Houston,49,margaret.houston@sample.org,2833 Pine Rd,Dallas,TX,10444,(186) 518-1528
42748981-2a95-4e95-91cf-9844c8aa9c69,Martha Johnson,Martha,Johnson,38,martha.johnson@example.com,5670 Pine Rd,Los Angeles,CA,80400,(859) 271-9150
2a082be2-fc91-4d5a-accd-200e91693b07,Natalie Wilson,Natalie,Wilson,28,natalie.wilson@example.com,3206 Main St,San Diego,CA,94799,(509) 279-6629
066ca82d-85b8-45e6-b262-bac0bb3c0e21,Traci Patel,Traci,Patel,42,traci.patel@sample.org,1021 Maple Ave,Philadelphia,PA,86925,(232) 963-3801
e7297926-0c3c-47f0-a303-8e1ddfc0eb77,Richard Stone,Richard,Stone,63,richard.stone@sample.org,7141 Pine Rd,Dallas,TX,80837,(777) 626-4370
2f162c0f-4d00-4d10-88ca-6dd2b94f24f5,Lee Hill,Lee,Hill,59,lee.hill@mail.com,6071 Main St,New York,NY,10498,(378) 724-6068
d7af9974-5b4c-4c70-85c5-1f7ff782da88,Thomas Burnett,Thomas,Burnett,34,thomas.burnett@mail.com,6345 Main St,Phoenix,AZ,66187,(493) 436-3493
a296a891-b126-44e1-a271-9228cc28b3bc,Gina Green,Gina,Green,19,gina.green@mail.com,2849 Main St,Los Angeles,CA,64623,(880) 343-6916
7c2a3f62-d757-4322-a213-921d7c370838,Kevin Evans,Kevin,Evans,61,kevin.evans@mail.com,4510 Main St,Phoenix,AZ,37932,(994) 427-7735
c0ec2b5c-22e2-4010-a8f9-94431d5860c7,Edwin Marquez,Edwin,Marquez,40,edwin.marquez@mail.com,9041 Maple Ave,Chicago,IL,91816,(170) 546-7811
8e119f8a-036b-4da9-bbae-98ab4fb61e2f,Jeffrey White,Jeffrey,White,68,jeffrey.white@sample.org,9610 Main St,Los Angeles,CA,24994,(403) 117-3928
834105ff-e792-4a6f-be6d-fb89b4d75d4a,Brett Santiago,Brett,Santiago,63,brett.santiago@mail.com,1994 Oak Dr,Chicago,IL,61633,(942) 861-4803
120d57b9-de14-4717-aefe-ab126645435d,Mary Nicholson,Mary,Nicholson,46,mary.nicholson@mail.com,8640 Oak Dr,Chicago,IL,94817,(199) 260-3553
26ebc43f-cfbf-4fa1-9c7f-9134871f7b65,Thomas Horne,Thomas,Horne,62,thomas.horne@mail.com,1097 Oak Dr,San Diego,CA,64351,(149) 805-8515
2d4e6ed6-f081-4049-b92a-7792dbe97b89,Derek Hunter,Derek,Hunter,48,derek.hunter@example.com,6247 Pine Rd,Dallas,TX,53722,(413) 143-8207
73b79064-9e0d-4b3f-87d0-6ab33593b492,Douglas Burgess,Douglas,Burgess,58,douglas.burgess@mail.com,164 Maple Ave,San Diego,CA,57711,(212) 912-9658
4dba6ec7-4085-4058-9f0e-5109b846f1c1,Wyatt Hickman,Wyatt,Hickman,33,wyatt.hickman@mail.com,7214 Pine Rd,San Diego,CA,85826,(355) 504-2138
abf52e51-d999-45fd-a6b0-6a9cd018fb47,Eddie Brown,Eddie,Brown,58,eddie.brown@sample.org,2420 Maple Ave,Phoenix,AZ,65311,(775) 107-8586
eccb6e23-700f-4b9e-803e-9c681f12dd9e,Jeffrey Lopez,Jeffrey,Lopez,61,jeffrey.lopez@sample.org,7249 Main St,Los Angeles,CA,99546,(262) 955-9719
3d6f18db-a49c-4563-9445-68d4e02bd664,David Thompson,David,Thompson,27,david.thompson@sample.org,9404 Main St,Chicago,IL,26735,(567) 132-5792
df8c3dd7-4bc5-4996-98e5-18e7ec0046e9,Samantha Humphrey,Samantha,Humphrey,48,samantha.humphrey@mail.com,9522 Pine Rd,San Antonio,TX,10928,(774) 197-7360
e8014144-a99b-4ca2-8418-56404aee2f08,Michael Flores,Michael,Flores,69,michael.flores@mail.com,6177 Maple Ave,New York,NY,31753,(624) 681-3931
82205f5f-43a1-4172-aab8-523ed6a89f26,Shaun Berry,Shaun,Berry,53,shaun.berry@sample.org,9530 Oak Dr,Chicago,IL,41806,(375) 250-2368
51e5a1ad-d8d2-4387-82fe-860a54c87f4b,Brittney Baird,Brittney,Baird,37,brittney.baird@sample.org,5291 Main St,Dallas,TX,43901,(934) 849-2242
d0c20886-5575-4356-8218-337197faa2fb,Chad Garcia,Chad,Garcia,63,chad.garcia@sample.org,2218 Pine Rd,San Diego,CA,22168,(315) 429-3076
8f054a96-7920-42dc-b286-f6980ea8dbeb,Don Valencia,Don,Valencia,20,don.valencia@sample.org,2686 Main St,New York,NY,88230,(931) 889-8614
e4d6980c-4b68-4255-97a5-2540f5ef35bc,Kimberly Schneider,Kimberly,Schneider,47,kimberly.schneider@example.com,5708 Maple Ave,San Diego,CA,17134,(282) 104-2958
9f72b282-1f70-450b-988f-9b3029fa121e,Christina Hall,Christina,Hall,54,christina.hall@example.com,5301 Pine Rd,New York,NY,34874,(278) 122-7462
4c11a926-7100-4d06-8910-5b0d5f3d7e9a,Jaime Hester,Jaime,Hester,27,jaime.hester@example.com,2162 Maple Ave,New York,NY,31935,(595) 414-3078
099dd9b8-0a76-482f-92e1-f754d25d5aee,Krista Young,Krista,Young,45,krista.young@sample.org,3867 Main St,New York,NY,81229,(980) 921-2096
